Row Labels	2013 / 10	2014 / 01	2014 / 02	2014 / 03	2014 / 04	2014 / 05	2014 / 06	2014 / 07	2014 / 08	2014 / 09	2014 / 10	2014 / 11	2014 / 12	2015 / 01	2015 / 02	2015 / 03	2015 / 04	2015 / 05	2015 / 06	2015 / 07	2015 / 08	2015 / 09	2015 / 10	2015 / 11	2015 / 12	2016 / 01	2016 / 02	2016 / 03	2016 / 04	2016 / 05	2016 / 06	2016 / 07	2016 / 08	2016 / 09	2016 / 10	2016 / 11	2016 / 12
Bronx1	88.26	82.88	75.02	92.55	98.33	87.75	105.75	100.89	89.65	108.07	89.69	84.1	123.92	80.18	93.42	110.87	89.87	86.4	129.6	102.96	102	114.79	100.94	98.84	126.24	80.62	120.5	111.26	106.76	109.78	107.41	109.96	116.85	112.58	102.84	110.25	125.06
Bronx2	72.33	91.08	65.87	77.92	74.83	97.24	79.34	86.37	83.55	71.35	86	61.99	87.48	115.26	69.14	81.04	86.67	80.25	81.46	105.67	77.08	81.46	92.35	64	126.18	85.83	92.57	95.61	88.95	80.18	104.31	95.29	88.01	115.23	84.06	71.55	145.48
Bronx3	98.8	120.32	81.7	95.88	125.55	86.43	101	129.53	99.27	109.9	99.94	92.32	149.09	76.64	102.55	120.09	112.58	92.71	124.99	119.49	96.61	127.59	99.27	98.33	167.74	79.04	132.51	144.24	118.72	120.2	146.86	120.54	130.81	118.71	101.5	134.36	132.32
Bronx4	177.56	175.97	166.41	212.93	218.59	185.4	208.87	209.94	195.91	198.91	187.98	188.77	255.14	172.59	178.22	226.6	194.67	195.72	248.56	210.59	202.03	205.91	208.47	203.56	259.07	172.48	241.5	222.02	211.69	208.6	223.72	225.88	223.74	211.29	208.5	217.21	258.67
Bronx5	165.06	171.76	148.03	185.54	192.63	195.85	192.13	189.82	187.33	186.34	178.73	193.7	244.8	162.32	165.31	200.62	180.83	178.99	216.5	197.24	193.63	202.17	195.46	187.67	241.44	165.38	218.37	207.02	204.1	194.56	206.2	203.28	198.44	188.92	188.07	203.66	242.55
Bronx6	109.9	123.09	89.48	101.45	132.5	99.97	105.15	130.65	101.71	114.9	108.46	102.75	153.95	75.22	111.74	121.35	118.75	102.4	128.6	123.2	103.51	134.38	95.97	102.2	170.51	83.17	133.87	141.76	110.95	127.37	132.86	117.19	137.52	111.54	107.43	146.63	140.92
Bronx7	223.36	248.1	201.18	232.77	249.41	237.09	251.13	266.4	231.18	238.39	244.71	225.57	312.58	238.23	210.59	252.33	242.56	218.36	282.17	273.32	239.33	258.78	247.45	224.14	342.24	208.41	275.51	263.03	240.39	241.65	289.57	258.25	268.5	252.66	242.88	254.11	336.05
Bronx8	335.21	329.24	266.91	306.44	340.21	331.73	324.8	348.48	312.26	342.65	337.79	309.2	423.55	302.38	292.86	327.36	315.7	302.39	362.22	328.7	304.81	346.96	342.39	326.3	450.02	274.58	367.13	348.51	319.77	340.98	351.26	322.38	346.74	344.56	322.15	355.58	423.77
Bronx9	171.44	190.35	145.62	174.81	181.93	214.65	196.52	206.97	187.1	177.22	190.9	168.89	231.27	197.19	157.56	188.23	189.05	185.71	200.71	209.68	193.1	197.88	205.83	169.63	257.6	168.37	208.96	204.17	196.57	190.5	222.1	219.74	207.39	218.99	197.18	184.66	274.61
Bronx10	313.52	355.74	269.68	302.86	319.77	360.04	331.14	329.26	311.95	312.76	329.3	307.41	420.11	308.05	275.1	317.15	308.28	306.1	342.9	330.79	302.3	316.26	357.81	313.18	458.26	289.93	346.49	321.07	319.9	313.09	351.63	343.4	319.54	325.66	325.27	328.96	452.54
Bronx11	274.68	303.67	233.42	270.93	284.48	304.2	304.11	309.95	286.25	288.97	294.05	271.35	363.03	279.08	230.48	284.73	275.19	270.23	320.1	295.24	279.28	286.26	308.29	268.47	380.53	242.06	311.85	286.87	278.05	271.74	310.95	300.19	278.98	270.45	263.84	269.41	370.74
Bronx12	339.09	369.08	269.16	337.11	361.32	370.36	382.4	391.9	367.4	350.44	360.56	322.23	444.76	325.73	278.58	358.33	353.41	334.3	394.94	388.88	352.5	371.22	360.63	337.49	479.59	293.28	378.2	365.21	353.77	350.74	398.9	384.55	390.53	366.95	346.97	366.18	473.74
Brooklyn1	502.56	520.13	415.06	466.89	503.15	555.47	488.78	464.02	442.97	499.95	549.44	450.04	564.42	462.53	530.64	516.88	502.5	466.59	514.35	465.43	463.39	535.76	572.33	466.58	662.75	463.72	589.09	540.78	520.35	529.87	570.7	466.92	478.31	632.27	587.78	527.81	726.29
Brooklyn2	426.28	467.06	356.75	391.63	418.03	423.05	440.45	396.85	374.93	418.92	457.25	420.58	517.66	377.87	453.5	429.68	448.09	425.59	496.26	432.88	414.44	474.6	491.7	446.22	550.09	364.41	501.18	464.9	441.97	438.42	503.14	428.79	455.01	490.07	495.51	501.27	569.45
Brooklyn3	258.41	271.84	212.45	243.59	274.99	257.77	267.58	276.34	249.68	286.16	282.57	241.94	345.98	222.49	257.1	297.92	279.97	256.96	316.22	285.79	262.56	325.06	295.78	279.79	394.32	241.64	343.77	326.42	289.16	320.21	344.66	288.56	314.8	348.32	308.14	358.11	386.91
Brooklyn4	179.2	204.02	165.78	190.8	191.68	211.21	219.55	212.67	200.08	195.84	199.83	180.2	236.77	173.85	195.86	193.83	193.83	185.24	227.2	209.96	202.69	202.31	212.97	189.35	264.39	185.95	224.97	209.58	203.18	205.51	242.94	225.7	223.23	230.8	224.23	216.08	278.72
Brooklyn5	234.25	254.16	197.31	225.23	266.28	244.21	260.16	274.44	236.63	232.04	242.66	209.28	320.08	181.51	215.91	248.12	245.73	209.22	285.18	265.32	231.62	256.86	231.26	222.4	343.7	176.86	265.79	260.86	226.14	234.02	273.64	249.03	260.32	251.9	226.52	258.58	314.46
Brooklyn6	569.71	612.81	484.96	520.43	556.4	604.94	592.04	535.2	522.43	547.24	618.55	554.69	676.91	501.84	583.34	546.58	544.76	547.5	606.75	542.5	501.18	570.52	623.3	560.59	698.03	488.9	636.32	561.3	549.34	540.02	597.78	527.46	525.51	594.76	584.72	574.34	731.27
Brooklyn7	414.57	435.18	360.38	384.29	422.13	426.91	456.56	435.88	399.13	429.14	425.01	394.8	506.13	362.4	435.19	420.74	397.68	383.64	492.75	424.41	404.27	442.64	423.85	393.75	515.53	320.18	466	416.47	391.16	400.26	454.8	435.77	424.75	418.79	414.08	424.4	503.88
Brooklyn8	240.25	240.36	199.92	214.48	241.32	216.22	249.17	255.3	219.09	248.9	240.17	225.61	314.92	188.4	239.42	263.41	238.18	224.92	299.19	234.47	237.72	262.98	240.06	246.4	318.94	188.36	292.72	266.87	228.33	261.54	292.64	247.11	281.68	255.27	253.53	289.26	300.83
Brooklyn9	222.51	250.67	184.64	222.36	234.91	267.81	221.63	224.61	224.26	223.29	252.35	216.17	269.89	210.45	209.12	233.42	229.01	233.87	232.25	233.64	217.14	244.53	261.12	217.45	285.42	217.2	250.34	236.79	241.83	233.57	259.25	243.65	222.24	266.98	236.35	236.58	329.44
Brooklyn10	540.34	568.49	450.82	483.67	545.77	545.17	565.19	548.21	500.36	529.58	555.37	509.02	671.09	485	537.35	523.71	524.37	486.68	608.08	531.55	496.61	536.96	541.04	510.36	690.23	413.2	572.06	521.15	495.8	499.83	567.21	517.08	509.79	528.01	519.46	535.87	684.65
Brooklyn11	626.3	691.49	556.87	583.35	667.2	671.42	659.94	661.45	622.69	615.32	663.99	599.52	777.29	573.33	652.67	614.11	629.24	588.84	706.78	637.16	597.64	639.89	648.19	568.39	787.94	479.84	685.04	606.55	587.98	600.41	684.05	638.11	594.69	621.81	596.81	586.26	772.44
Brooklyn12	665.36	708.1	647.52	702.4	701.72	732.04	678.72	567.76	532.39	715.05	714.74	648.14	811.49	612.37	742.03	818.16	673.42	636.41	753.78	559.31	562.02	754.26	697.24	627.76	847.49	530.04	778	747.78	682.05	725.34	715.25	559.13	537.37	754.28	642.26	657.31	821.37
Brooklyn13	164.62	174.21	144.44	142.69	177.27	168.11	167.12	171.97	158.24	159.98	175.78	147.84	210.41	138.15	166.76	167.2	168.77	164.31	192.48	185.72	161.45	180.1	180.72	157.77	207.24	141.93	188.68	177.78	171.49	178.21	187.2	182.85	177.6	186.53	166.12	177.4	224.4
Brooklyn14	441.8	456.12	401.62	459.94	449.22	451.66	479.11	417.67	398.57	467.93	455.24	444.42	563.55	382.3	461.36	506.88	434.81	413.52	528.02	413.48	417.96	469.16	454.45	445.03	544.35	349.06	522.68	487.82	438.91	466.66	485.56	442.46	440.97	473.26	454.46	468.93	559.56
Brooklyn15	617.78	622.87	525.23	571.62	638.61	624.68	608.08	573.25	527.52	596.51	625.48	572.12	741.34	504.8	599.3	630.68	583.47	553.87	652.73	536.8	522.13	623.88	619.21	546.98	749.48	457.16	639.95	609.9	569.68	569.58	634.04	537.18	537.27	605.15	589.55	591.15	739.51
Brooklyn16	94.26	108.15	77.23	95.84	101.45	114.1	98.85	100.85	102.17	89.33	110.35	90.79	119.64	86.62	89.27	90.84	98.31	96.3	93.18	104.75	95.86	102.87	106.47	91.97	131.11	93.73	100.98	107.01	103.83	94.19	111.68	111.24	102.96	110.36	100.72	97.79	148.66
Brooklyn17	306.46	308.09	246.75	293.94	325.68	329.29	332	343.76	313.05	306.41	312.55	291.16	398.44	259.53	267.96	307.61	310	295.19	347.61	324.8	311.38	317.82	308.88	286.63	424.24	247.34	313.58	306.36	295.08	298.21	332.33	327.06	323.16	303.96	289.02	303.14	399.76
Brooklyn18	572.54	582.89	478.5	537.71	597.75	626.92	608.52	598.42	556.5	567.5	592.93	537.26	742.26	510.35	527.5	585.68	589.27	545.25	633.83	569.73	550.84	588.01	578.38	533.42	780.21	452.74	611.2	588.22	561.45	569.73	654.98	604.33	583.29	667.01	555.75	587.33	787.95
Manhattan1	352.27	386.36	307.66	341.44	329.12	411.08	356.05	300.09	319.9	345.28	396.75	331.18	378.3	378.83	320.83	335.65	334.34	335.61	341.4	352.98	324.29	365.02	421.96	362.14	444.99	331.41	388.58	380.65	386.01	327.81	361.83	357.08	302.02	427.29	408.16	346.91	491
Manhattan2	446.13	434.66	362.57	393.47	437.48	432.69	457.19	403.52	346.41	429.33	464.97	437.69	532.04	371.42	437.61	416.76	437.14	383.61	478.55	385.58	387.24	481.02	460.46	458.72	573.13	367.54	473.7	488.62	428.48	451.4	480.71	406.15	443.37	462.89	477.56	491.46	527.43
Manhattan3	320.67	357.66	260.55	277.43	305.14	354.87	315.54	327.12	311.16	297.81	367.02	301.43	372.39	319.66	316.05	297.96	343.07	342.05	334.76	368.46	311.36	360.92	373.97	297.5	413.91	308.01	343.02	338.67	328.29	308.33	357.95	334.51	328.23	372.77	320.91	302.58	402.16
Manhattan4	414.43	450.74	356.21	380.8	398.99	512.44	434.53	400.77	408.47	420.28	506.02	423.65	483.67	474.06	404.53	389.2	430.47	469.71	445.13	454.5	402.78	462.97	531.49	424	534	443.06	450.51	453.97	484.88	434.44	460.65	459.45	411.89	522.42	479.55	432.85	621.01
Manhattan5	256.67	245.91	197.32	205.39	269.12	274.37	257.19	268.39	214.54	256.09	270.52	234.54	305.32	223.15	260.73	261.9	260.99	248.72	271.65	246.11	233.53	294.08	290.45	252.22	351.54	227.4	273.23	294	257.04	275.14	271.75	239.72	264.37	284.64	259.99	290.83	313.53
Manhattan6	510.1	532.13	434.82	455.43	484.39	647.98	522.99	496.5	482.69	476.98	594.58	490.23	577.07	570.62	459.85	459.45	510.38	507.79	502.49	527.25	465.44	551.18	653.64	494.59	719.31	533.15	532.28	549.37	548.67	502.79	541.24	527.79	459.67	602.59	553.1	503.38	750.54
Manhattan7	1032.68	1068.26	855.69	930.21	998.82	1194.38	1114.26	981.19	910.38	1068.15	1182.75	1095.8	1256.78	1083.92	1019.58	1070.97	1081.75	1051.62	1146.6	1026.61	980.21	1192.01	1307	1142.89	1459.87	1042.34	1264.5	1205.19	1173.76	1123.5	1157.38	1048.46	1027.08	1234.98	1180.97	1161.25	1451.54
Manhattan8	1111.11	1178.47	948.38	1004.95	1118.36	1267.17	1183.36	1042.12	963.56	1132.26	1235.01	1135.49	1332.52	1052.14	1078.63	1090.58	1191.86	1144.57	1166.82	1034.5	985.51	1235.12	1337.25	1181.87	1516	1073.56	1246.66	1234.19	1217.13	1145.93	1158.95	1047.02	1001.91	1252.35	1218.31	1262.4	1492.53
Manhattan9	239.93	281.34	211.63	229.9	243.34	329.84	257.17	244.79	285.5	263.13	288.75	257.76	289.99	279.31	245.18	233.88	245.75	298.89	267.62	270.8	261.35	288.48	303.54	242.13	292.16	302.15	243.81	246.42	276.72	261.1	274.61	297	261.69	320.25	278.11	252.63	364.97
Manhattan10	217.68	238.17	176.94	190.8	229.39	236.7	217.27	247.28	219.03	231.36	259.46	208.45	285.94	244.56	211.86	235.09	242.48	234.15	246.08	261.57	214	269.51	264.38	216.61	333.67	227.49	251.56	271.52	245.19	235.72	281.54	266.12	261.74	286.95	243.52	263.58	341.74
Manhattan11	195.46	217.2	159.52	165.96	207.91	188.48	194.77	217.65	180.65	193.08	206.53	194.59	265.32	156.92	207.68	197.57	210.52	185.26	210.72	217.94	192.39	251.43	205.53	197.47	276.03	177.69	224.77	225.64	197.54	199.53	244.97	203.02	231.69	212.89	207.27	246.29	244.36
Manhattan12	443.34	488.9	348.94	372.81	434.81	454.37	404.19	481.37	407.96	435.93	472.83	398.92	542.54	460.1	415.54	424.8	468.69	436.12	470.98	514.09	425.82	485.64	483.26	391.21	644.45	404.46	478.83	476.1	428.56	433.11	506.48	457.08	453.58	478.16	423.58	439.4	619.24
Queens1	542.43	609.54	462.64	540.25	563.43	595.53	613.29	578.4	531.39	556.33	591.81	542.82	697.04	490.18	543.49	556.82	538.38	512.36	651.47	574.87	547.17	567.85	581.51	531.33	706.87	508.56	614.24	557.23	540.66	537.53	617.93	566.94	601.54	576.44	581.94	582.97	712.24
Queens2	373.25	390.71	321.19	355.76	385.43	400.55	416.7	422.98	383.01	393.14	403.7	363.34	488.11	345.4	377.68	374.56	365.53	367.27	444.72	404.49	377.7	415.06	421.2	376.65	539.96	395.98	406.89	409.52	393.32	396.65	415.97	400.72	428.46	417.24	410.9	436.83	510.03
Queens3	370.45	410.24	309.04	334.09	358.55	409.65	392.35	406.01	377.29	353.38	398.5	327.54	450.31	332.56	342.97	343.2	358.65	359.28	399.18	416.95	346.76	361.77	388.35	336.63	496.69	352.74	380	374.79	371.71	347.8	408.36	397.05	378.55	408.98	377.31	374.7	518.97
Queens4	333.31	376.9	281.56	308.2	330.25	362.51	362.53	382.58	334.44	328.3	359.35	300.49	418.37	299.23	322.53	316.94	329.61	313.36	366.76	382.93	318.52	345.42	342.74	305.83	447.87	288.24	345.22	333.42	307.24	306.28	365.38	354.02	354.91	356.45	320.51	330.47	437.45
Queens5	651.23	695.29	544.98	608.82	645.53	685.53	678.44	684.38	623.57	630.29	686.67	621.96	849.65	586.79	597.09	618.84	631.13	594.49	718.57	663.07	597.25	631.91	666.62	613.11	900.11	560.69	686.62	659.94	626.64	615.91	671.02	627.08	633.27	669.69	651.61	687.98	864.29
Queens6	418.39	437.4	345.95	390.36	419.57	464.41	449.38	442.35	421.95	414.07	445.43	394.84	493.1	376.71	416.78	400.32	415.6	395.99	449.62	445.5	415.14	439.83	454.4	402.05	563	390.14	422.76	425.04	422.06	399.11	448.26	427.13	431.16	455.26	430.64	437.16	557.36
Queens7	818.04	864.12	643.38	788.45	812.7	896.26	881.37	857.61	823.34	822.47	854.24	778.78	992.46	713.92	753.73	811.03	798.23	794.55	920.28	847.04	821.5	820.05	843.04	749.73	1022	718.52	811.71	783.55	781.58	767.28	848.51	828.13	815.7	833.72	811.78	811.36	1041.98
Queens8	477.25	485.78	386.51	456.56	487.35	521.9	512.88	498.21	469.5	474.9	492.14	445.1	592.37	393.85	435.99	489.07	447.52	444.82	537.94	497.45	464	476.61	495.31	446.18	614.04	413.94	503.32	487.41	476.49	464.03	508.81	477.62	490.94	517.5	481.5	504.12	608.68
Queens9	414.4	436.42	351.25	402.93	432.63	440.03	476.81	463.94	417.5	427.68	430.64	402.26	547.55	374.9	382.06	434.82	415.63	389.4	515.09	454.04	423.65	433.69	425.75	403.16	576.71	393.03	447.52	439.48	421.18	426.22	480.38	437.22	453.81	445.43	448.13	453.92	553.53
Queens10	375.29	399.26	325.87	361.69	400.05	416.84	440.63	419.63	374.34	380.23	391.92	358.47	503.7	322.82	344.08	379.23	380.27	353.26	450.11	404.25	384.38	381.53	395.76	369.7	555.41	346.45	395.2	397.9	389.49	386.11	435.15	396.62	396.7	396.41	400.39	406.81	509.17
Queens11	518.16	531.09	408.96	478.31	522.57	542.09	557.42	535.55	489.79	513.37	523.9	475.74	644.28	411.61	446.27	506.71	494.77	473.02	585.61	508.19	492.87	523.94	513.35	471.08	658.55	415.95	509.94	506.84	474.82	484.93	532.63	496.05	507.95	508.67	490.7	535.57	643.9
Queens12	452.02	472.38	372.39	453.02	474.7	512.3	513.16	522.92	479.52	456.43	482.03	430.3	592.93	400.04	415.66	482.21	474.53	462.07	553.05	508.93	474.97	481.74	489.43	439.08	643.48	435.74	484.86	484.51	477.84	475.04	522.21	492.36	496.41	499.56	487.51	490.87	632.97
Queens13	505.94	520.4	405.5	485.26	532.64	589.81	563.48	587.22	530.1	510.65	537.77	474.34	651.45	456	442.54	514.82	519.57	511.96	580.53	550.8	512.44	528.97	543.36	479.62	708.4	457.07	525.27	529.61	518.57	520.54	571.15	546.66	542.98	543.33	526.8	539.09	688.43
Queens14	220.39	223.54	186.43	215.3	225.43	253.97	236.93	238.5	226.11	220.86	234.7	210.88	280.72	197.8	213.82	236.63	218.6	214.64	246.76	247.84	224.03	233.25	244.53	209.05	319.08	213.36	224.63	236.83	239.31	232.97	249.82	253.45	225.35	253.84	235.13	233.73	327.98
Staten Island1	605.01	675.1	504.56	590.95	610.6	641.01	650.15	633.88	578.67	597.05	649.41	601.68	807.12	592.77	549.47	626.48	603.47	590.38	704.64	631.13	588.58	625.84	624.66	591.07	813.42	509.26	657.32	623.88	584.62	597.03	666.46	632.41	618.35	622.65	618.49	619.94	850.14
Staten Island2	578.45	635.92	471.09	541.53	591.52	610.83	621.27	611.8	526.31	540.41	608.47	545.66	738.07	542.34	516.82	575.87	575.42	531.61	640.88	582	533.7	575.04	597.93	537.16	792.47	446.14	608.89	577.38	539.32	551.16	613.05	557	548.45	562.41	547.05	566.6	758.3
Staten Island3	821.65	959.83	689.83	740.01	841.86	871.2	848.98	835.91	743.99	746.78	867.75	767.55	1070.29	761.77	710.42	775.39	791.72	761.05	865.63	810.41	712.47	796.13	811.24	744.9	1118.37	643.39	813.5	790.89	740.79	751.1	834.87	769.6	742.87	768.73	748.51	778.13	1106.11
																																					
																																					
Row Labels	2013 / 10	2014 / 01	2014 / 02	2014 / 03	2014 / 04	2014 / 05	2014 / 06	2014 / 07	2014 / 08	2014 / 09	2014 / 10	2014 / 11	2014 / 12	2015 / 01	2015 / 02	2015 / 03	2015 / 04	2015 / 05	2015 / 06	2015 / 07	2015 / 08	2015 / 09	2015 / 10	2015 / 11	2015 / 12	2016 / 01	2016 / 02	2016 / 03	2016 / 04	2016 / 05	2016 / 06	2016 / 07	2016 / 08	2016 / 09	2016 / 10	2016 / 11	2016 / 12
Bronx1	96.22	94.42	79.83	95.37	105.3	91.94	108.56	106.57	98.87	109.37	94.78	89.6	118.82	91.99	105.01	114.9	101.25	98.33	130.75	108.52	116.3	120.38	113.04	112.19	135.61	92.46	149.18	126.88	125.68	129.71	129.15	128.93	146.49	132.72	124.63	132.51	127.78
Bronx2	92.12	109.4	79.33	90.25	93.47	119.53	98.71	109.89	105.47	94.5	118.68	75.67	100.77	138.17	92.87	98.27	121.44	115.51	103.9	134.33	105.51	119.18	139.37	99.27	160.01	128.97	123.96	139.43	135.24	127.92	150.16	144.18	126.41	159.91	127.98	107.85	190.74
Bronx3	103.44	117.28	85.14	95.26	121.22	94.2	100.13	126.36	105.86	111.79	110.76	97.48	142.04	83.25	123.39	128.41	132.96	115.09	132.66	138.88	125.33	159.17	123.49	126.17	192.68	116.45	170.04	195.45	156.2	183.4	186.62	153.06	178.01	143.45	137.14	172.76	142.02
Bronx4	191.3	201.85	173.97	207.23	218.77	208.56	228.81	232.54	227.85	230.93	213.28	203.69	263.5	209.86	219.31	244.39	235.41	236.82	278.05	245.37	258.23	257.29	251.87	249.45	287	219.96	323	298.89	292.18	284.76	297.36	303.69	319.46	284.08	299.88	307.3	303.82
Bronx5	225.75	233.24	194.76	235.04	247.94	243.84	248.6	258.94	252.98	252.75	245.9	235.04	283.69	232.32	240.14	265.04	256.36	257.91	289.81	276.81	285.74	292.82	277.91	275.36	311.4	253.6	338.4	314.12	314.43	300.98	318.59	325.02	343.32	309.53	310.81	325.27	319.72
Bronx6	146.37	151.12	112.77	119.51	157.6	131.56	134.59	164.44	127.92	143.51	136.87	117.75	167.16	99.55	146.1	145.6	150.4	136.79	156.45	150.97	138	174.76	135.31	137.94	196.3	118.07	185.21	199.31	162.57	180.78	190.83	171.83	214.32	175.08	168.88	219.56	172.41
Bronx7	276.67	318.97	244.99	284.49	295.67	293.34	307.12	326.48	306.45	306.12	316.06	276.4	350.43	309.74	296.68	313.73	328.88	310.31	345.99	346.54	336.66	348.18	346.15	324.4	414.32	310.16	403.19	391.73	361.2	357.48	402.01	378.25	411.99	388.88	377.14	386.36	424.69
Bronx8	270.49	295.21	246.11	262.53	293.21	276.69	281.52	304.46	264.04	291.63	285.47	254.83	340.13	286.88	289.35	312.11	298.13	279.68	330.96	312.45	291.39	327.7	308.89	292.22	393.54	262.25	367.71	349.2	320.63	336.95	354.29	321.18	354.38	324.32	319.78	346.77	361
Bronx9	226.48	257.44	185.38	242.04	246.01	269.1	254.6	269.59	253.11	234.97	253.01	225.33	267.81	272.93	220.17	247.01	265.99	271.47	279.2	289.04	272.62	269.95	281.18	239.48	318.54	241.3	291.39	292.19	288.12	279.04	340.89	325.55	320.4	322.16	299.65	276.19	357.55
Bronx10	270.15	311.15	241.92	272.8	297.1	337.52	313.53	323.05	300.26	286.39	301.66	267.91	327.68	298.78	288.02	295.99	311.56	327.08	329.35	341.48	322.19	323.66	342.25	289.72	379.5	295.57	338.98	333.35	341.56	330.35	364.22	353.03	340.51	339.39	324.72	318.55	381.82
Bronx11	246.56	277.91	214.44	251.05	261.54	276.38	276.88	284.15	263.83	256.35	271.38	238.84	297.91	280.29	246.37	264.11	272.08	275.7	295.52	298.79	277.81	280.78	286.73	248.47	323.06	247.49	308.53	295.98	288.95	285.42	326.08	306.76	304.89	319.35	299.38	299.1	342.2
Bronx12	381.15	446.89	332.77	404.14	429.48	439.08	449.73	479.23	441.29	427.34	426.21	371.3	480.29	417.59	393.76	435.87	439	434.89	484.88	504.21	473.64	479.6	458.93	410.52	528.9	385.56	504.01	483.51	484.08	466.99	552.41	528.41	535.32	507.9	462.56	475.6	537.01
Brooklyn1	379.69	434.56	338.78	389.1	383.1	406.97	382.09	411.39	346.96	365.74	404.06	330.21	409.53	381.02	451.81	390.92	418.26	376.9	411.02	430.51	380.32	404.71	432	358.17	494.07	362.26	477.61	456.9	419.09	414.19	482.2	422.26	433.99	466.8	431.28	402.75	500.99
Brooklyn2	293.19	351.47	270.12	290.17	307.27	308.69	296.82	302.03	276.4	280.32	316.29	278.79	332.38	284.82	343.6	302.77	314.85	306.7	340.24	328.78	301.68	324.49	335.62	304.18	360.61	286.51	372.77	350.85	338.32	324.89	362.43	332.8	331.19	340.34	340.38	346.45	387.63
Brooklyn3	228.66	246.66	194.22	217.42	237.02	230.43	240	259.78	222.8	240.58	242.66	202.37	281.02	215.02	253.44	265.93	254.61	242.92	300.47	292.08	267.08	294.13	267.93	252.31	332.24	225.83	314.62	311.37	281.34	298.6	334.15	308.02	341.9	322.58	292.95	325.83	336.29
Brooklyn4	234.07	264.51	215.64	246.93	243.36	253.41	254.43	264.03	244.24	238.69	246.99	221.39	268.46	227.14	271.53	254.75	260.97	254.28	283.31	281.21	276.37	276.46	281.09	250.44	308.17	248.43	311.13	296.92	290.01	278.05	327.44	318.87	318.66	314.89	295.61	284.49	333.26
Brooklyn5	289.23	328.86	238.65	269.04	310.6	289.29	312.28	336.16	288.35	290.76	287.82	240.08	346.23	242.35	292.52	303.9	318.51	282.71	340.42	359.63	320.58	344.25	303.49	299.79	391.3	251.77	375.03	368.43	334.34	339.89	402.5	361.76	396.59	356.59	329.44	361.65	375.55
Brooklyn6	359.4	419.17	336.29	354.13	364.33	400.92	392.97	373.4	345.5	354.85	388.18	342.61	409.93	377.72	417.77	370.58	381.65	383.74	420.03	401.33	366.41	392.34	423.31	368.86	437.39	349.69	459.38	407.83	408.04	393.71	434.37	399.6	398.23	409.53	401.4	397.91	471.32
Brooklyn7	319.11	365.71	302.91	322.2	339.82	347.02	355.63	359.56	326.44	338.98	350.38	314.72	382.24	306.62	381.24	352.93	351.96	342.4	398.08	387.48	363.79	373.9	383.52	349.6	425.58	304.11	426.69	389.91	388.07	373.09	419.28	392.49	393.6	392.67	384.87	380.32	429.14
Brooklyn8	207.81	228.1	188.04	200.66	223.77	193.92	223.58	233.17	194.33	222.92	209.7	186.34	258.41	173.82	241.04	235.41	218.6	197.86	266.26	236.48	227.41	247.59	220.26	219.63	271.64	178.11	281.97	255.2	227.34	243.32	268.47	237.84	269.84	247.15	237.38	258.18	254.35
Brooklyn9	163.78	198.23	143.27	159.77	180.17	189.26	165.74	178.98	183.1	169.35	187.87	153.48	191.26	164.5	185.99	178.4	183.49	188.31	178.99	221.39	180.91	195.85	202.97	161.03	204.77	179.11	204.08	200.04	205.67	181.6	204.29	208.04	197.64	212.79	194.01	197.8	251.14
Brooklyn10	343.71	393.39	316.62	338.92	358.81	366.85	371.25	375.15	338.95	356.12	364.85	329.28	408.98	336.46	388.72	368.34	367.07	360.6	409.05	393.27	373.92	388.77	406.61	369.24	470.82	340.02	447.54	423.75	411.16	411.99	450.21	425.94	425.79	419.36	419.89	419.73	487.5
Brooklyn11	397.65	478.45	393.45	401.07	440.33	436.96	429.8	443.37	417.42	412.6	438.22	387.94	471	394.74	465.76	429.22	439.63	425.36	478.75	474.4	445.6	459.55	490.3	419.98	535.54	392.96	524.92	488.46	499.91	478.83	532.96	507.88	497.26	495.94	496.31	481.72	569.17
Brooklyn12	346.53	367.34	319.28	386.37	418.12	383.06	367.81	328.45	302.2	353.75	405.3	322.13	385.48	324.57	377.56	425.4	397.42	357.74	385.23	336.54	332.05	398.09	420.54	332.73	421.91	316.24	403.66	427.53	429.31	412.1	438.63	360.1	347.36	415.41	443.54	397.26	476.68
Brooklyn13	147.91	168.12	132.1	137.57	159.6	158.52	151.96	161.44	152.16	150.85	156.13	130.79	165.93	137.78	161	155.21	161.2	158.51	172.25	186.14	159.91	178.04	179.71	156.93	187.76	158.45	192.4	186.54	193.67	184.99	201.3	204.17	201.77	207.25	185.86	195.02	214.48
Brooklyn14	279.2	320.7	272.97	310.78	321.04	294.58	320.14	291.16	285.36	299.76	303.57	284.9	342.06	276.26	321.1	326.85	307.98	291.38	341.72	304.98	315.59	333.12	330.36	306.65	346.45	276.12	375.49	343.95	360.82	337.52	357.78	340.72	340.34	330.42	361.33	344.15	378
Brooklyn15	379.51	430.58	350.44	387.58	427.22	407.46	401.5	390.91	362.26	389.85	413.32	356.66	434.56	351.97	426.4	423.69	419.86	391.97	437.26	425.56	393.95	433.48	450.96	390.4	478.89	358.55	468.99	454.06	470.55	439.92	483.03	438.69	439.78	453.99	464.91	437.92	495.34
Brooklyn16	105.03	119.36	89.13	100.54	113.56	125.76	107.55	122.22	117.3	99.97	115.79	100.79	121.76	101.07	112.2	99.4	118.66	120.1	108.52	136.59	124.69	128.26	129.79	107.28	143.13	115.88	121.15	131.05	129.59	120.57	141.48	144.98	131.91	137.6	130.13	128.23	165.47
Brooklyn17	323.28	358.21	286.61	319.75	339.95	347.59	360.2	386.21	355.58	349.75	337.82	296.74	400.32	307.18	340.48	340.03	351.24	345.06	398.8	417.85	385.86	397.31	364.3	329.77	443.44	309.28	398.22	385.5	369.04	363.75	429.9	428.25	437.2	413.63	381.84	376.07	457.38
Brooklyn18	445.09	510.27	405.57	449.69	473.18	503.14	491.41	523.54	477.88	465.78	474.89	414.57	535.68	433.58	483.75	467.96	485.98	492.25	529.83	571.63	508.36	516.46	504.26	435.85	586.59	424.95	531.47	512.04	529.7	514.32	603.86	594.61	573.76	562.38	530.5	518.08	654.82
Manhattan1	195.61	228.14	187.86	193.01	184.75	225.84	205.61	182.04	184.95	189.28	222.47	192.39	213.01	256.06	207.18	198.69	210.56	223.43	218.68	218.46	199.1	191.46	257.55	200.6	245.89	203.85	243.94	222.72	236.36	214.89	228.75	211	192.47	235.07	219.91	196.46	282.05
Manhattan2	294.68	316.28	262.54	272.51	303.54	272.65	292.87	281.32	246.73	282.99	298.97	278.4	347.43	272.37	328.18	305.18	313.09	278.82	316.75	277.79	268.31	301.73	295.76	290.23	350.35	263.84	336.57	339.54	303.24	320.18	344.92	274.57	311.39	294.18	319.71	336.74	332.15
Manhattan3	256.21	307.73	223.25	239.14	257.27	289.27	240.21	274.03	255.11	241.06	294.97	246.84	284.78	280.42	293.31	253.87	300.71	295.21	275.26	318.79	274.77	288.15	320.6	251.59	324.21	275.15	331.86	334.81	318.68	289.21	344.96	312.43	314.58	322.65	300.72	289.83	362.22
Manhattan4	321.44	397.36	308.83	311.47	316.39	382.83	314.6	332.68	343.11	302.43	382.52	313.9	356.66	390.45	353.72	316.28	369.15	373.49	335.84	386.08	339.25	346.82	403.37	318	390.91	367.99	381.28	387.46	408.38	365.73	403.16	401.87	358.02	406.51	376.79	341.57	466.49
Manhattan5	163.21	174.49	139.52	141.9	165.85	155.18	143.91	160.94	136.02	155.5	167.95	136.64	171.46	148.3	170.27	156.06	159.92	150.65	160.14	157.07	137.82	161.91	158.89	140.83	191.06	151.09	164.75	189.42	161.09	173.96	172.78	154.87	168.04	169.59	159.15	185.67	188.42
Manhattan6	356.7	441.52	346.56	345.87	345.06	418.11	334.64	360.39	349.21	334.26	424.36	336.92	389.3	464.72	379.63	350.89	399.76	399.86	356.48	408.56	350.79	356.08	444.04	336	465.34	408.14	405.53	420.22	424.08	381	409.37	396.66	360.23	438.44	391.11	363.37	511.44
Manhattan7	626.64	755.58	606.2	638.78	644.74	689.51	664.37	616.97	597.07	638.76	698.72	643.91	757.76	753.6	699.12	672.84	696.83	670.95	707.95	669.94	633.58	655.74	757.81	677.42	826.17	676.73	822.92	769.15	779.94	716.53	784.17	705.17	722.27	753.63	767.54	735.61	874.18
Manhattan8	668.05	781.76	620.37	646.81	682.68	727.31	641.47	631.22	603.66	645.03	748.62	683.66	765.83	738.98	783.11	690.35	756.78	727.83	707.02	679.32	639.1	700.48	804.3	693.95	880.95	715.61	828.24	794.22	799.15	757.17	788.54	713.11	680.74	745.77	779.77	767.97	899.35
Manhattan9	184.55	227.51	182.55	201.6	206.83	246.27	195.4	201.66	216.82	195.65	228.88	202.57	227.19	245.42	222.79	204.54	226.83	255.72	220.22	243.7	231.08	232.32	266.7	213.21	254.85	276.32	231.27	243.2	264.9	239.12	264.73	266.75	244.29	269.96	254.89	233.82	318.86
Manhattan10	171.79	204.25	146.02	156.12	194.3	190.02	171.73	198.64	175.5	180.28	202.27	162.06	218.05	213.25	195.49	195.89	211.69	203.35	210.68	234.66	199.93	223.37	223.85	182.11	271.9	219.78	238.18	255.79	234.34	225.43	253.22	243.48	257.46	257.31	215.52	239.49	287.04
Manhattan11	149.17	173.6	126.58	137.55	164.08	147.43	141.48	170.18	143.7	145.08	167.55	155.07	195.79	142.06	193.57	167.51	185.23	169.5	168.66	185.44	167.74	200.82	178.81	164.42	222.27	170.7	200.72	223.28	186.63	185.3	211.09	183.89	203.23	176.3	188.33	213.44	197.45
Manhattan12	414.31	494.45	355.16	377.3	422.58	432.69	394.09	477.92	408.31	408.98	470.8	381.96	497.57	487.88	466.97	438.72	497.99	456.24	456.43	514.06	441.43	488.89	502.94	413.5	627.68	458.81	541.68	560.63	494.67	484.36	547.88	494.97	514.11	502.63	457.16	487.55	582.89
Queens1	455.86	542.63	430.26	493.31	505.85	497.55	520.09	524.51	482.7	502.17	516.8	466.05	571.08	456.7	551.99	525.32	519.28	492.59	569.1	540.62	512.21	531.86	548.6	512.46	605.71	482.65	614.55	573.95	559.7	540.71	614.2	568.72	589.58	564.65	566.81	570.1	612.66
Queens2	277.52	325.22	270.97	286.25	299.18	302.7	293.27	315.66	278.25	285.98	295.26	272.16	333.24	284.21	333.98	304.39	304.47	298.99	339.52	329.72	306.41	328.8	325.78	293.78	380.62	328.89	341.24	346.31	327.54	327.27	358.91	358.7	358.39	347.49	333.86	343.47	385.92
Queens3	357.43	420.49	334.05	350.15	362.66	379.17	358.83	391.38	351.5	337.17	374.14	316.49	410.71	352.8	396.61	379.4	397.21	377.52	404.46	433.49	385.23	401.69	418.69	363.4	475.24	368.09	434.86	428.23	416.04	404.91	476.53	452.85	451.38	444.63	415.6	413.64	508.57
Queens4	282.51	339.17	257.79	277.54	284.15	302.32	280.28	306.23	279.64	263.28	296.23	250.67	302	281.08	320.82	286.79	303.1	297.52	313.78	348.49	306.36	321.26	345.61	284.49	390.71	286.28	350.7	350.65	342.94	326.04	381.01	367.67	366.13	382.07	350.94	342.63	429.8
Queens5	546.79	630.51	514.87	564.45	584.66	596.88	592.27	609.45	551.86	549.14	583.26	527.33	657.63	557.58	642.51	594.33	636.42	611.67	672.63	664.37	605.63	633.39	648.08	579.71	745.28	562.35	701.84	675.47	669.32	656.23	753.28	712.49	705.15	713.71	684.55	651.9	797.31
Queens6	276.38	332.21	262.16	283.44	292.61	292.1	285.69	298.39	270.7	271.65	293.31	259.4	314.69	281.38	313.94	296.72	306.84	284.82	313.34	324.31	296.63	304.06	323.71	283.84	364.11	304.5	332.75	326.3	330.41	314.06	356.31	339.6	337.22	341.72	337.59	323.56	383.18
Queens7	513.05	573.84	453.55	532.06	566.81	596.31	594.08	601.94	567.3	559.82	568.75	509.65	632.04	504.07	577.6	581.49	587.99	585.83	649.37	621.48	595.56	602.59	624.52	562.71	708.49	558.47	653.34	655.16	654.22	638.85	715.09	673.35	661.68	649.65	649.8	626.36	734.94
Queens8	313.5	357.42	289.88	327.97	345.62	342.81	344.49	343.26	312.76	307.12	322.13	286.06	360.22	282.65	349.9	336.74	343.8	329.86	379.14	368.83	331.91	355.43	351.82	312.85	387.61	304.86	386.91	375.23	385.07	362.73	412.69	392.84	395.07	387.79	371.67	350.44	403.81
Queens9	377.57	436.88	358.37	395.34	409.88	415.71	429.44	443.03	387.74	385.56	396.34	362.06	451.27	371.83	418.55	417.2	428.44	415.16	481.74	473.86	450.43	451.59	443.65	405.16	509.39	391.81	481.01	477.15	462.12	470.56	549.52	522.82	518.49	483.18	466.81	463.26	524.46
Queens10	343.98	408.73	329.19	360.26	378.47	381.94	402.87	404.1	345.57	348.23	349.25	318.19	413.32	323.88	387.88	382.07	390.87	377.62	435.91	419.04	386.71	392.39	381.95	376.63	472.98	365.58	427.46	443.67	433	435.93	513.87	493.43	483.66	460.41	432.37	414.11	470.94
Queens11	331.55	362.18	292.11	327.94	368.28	368.78	378.87	387.37	335.09	356.34	354.54	317.33	399.99	312.06	355.92	371.97	373.27	368.06	418.75	399.95	371.59	395.44	395.52	352.65	453.36	336.16	411.83	424.45	396.22	400.71	456.27	402.23	407.47	393.61	385.14	393.96	444.57
Queens12	543.95	620.06	499.2	583.51	599.44	648.59	655.32	694.14	616.93	578.75	600.81	529.57	677.56	552.96	614.07	609.29	647.25	648.17	728.6	739.06	685.63	694.61	660.86	597.89	777.79	591.47	706.82	714.43	713.78	713.67	853.94	837.5	805.36	773.94	703.53	690.3	848.95
Queens13	573.44	624.72	490	566.29	604.04	650.01	649.7	699.65	608.39	573.33	571.4	505.82	661.47	527.99	572.58	585.25	617.29	630.21	703.72	721.2	654.58	667.06	638.97	573.28	752.46	532.74	673.33	670.53	670.99	691.86	820.86	792.83	775.24	739.73	656.5	660.48	773.14
Queens14	165.16	183.2	144.41	168.85	177.33	202.5	187.22	209	185.69	164.56	178.49	156.68	192.75	166.67	188.55	179.25	190.07	194.39	202.99	226.2	200.15	204.29	210.1	170.52	227.99	190.17	206.38	210.82	233.6	223.28	263.32	277.13	251.29	252.34	222.69	206.29	269.38
Staten Island1	548.49	636.73	467.41	547.31	591.02	640.1	687.27	680.35	578.23	569.55	564.26	470.17	614.27	534.14	499.48	526.08	559.02	563.02	633.1	635.99	587.32	560.78	552.31	506.21	634.86	489.53	621.59	629.8	606.66	614.74	746.12	691.42	681.23	650.21	629.55	598.08	712.14
Staten Island2	436.62	518.19	379.56	414.76	478.94	512.28	544.03	541.51	457.04	454.47	455.83	381.45	499.37	432.68	413.97	419.2	470.12	469.31	509.32	518.8	466.77	481.24	455.41	404.69	527.33	403.38	484.88	508.53	494.56	499.15	604.25	544.59	530.81	505.07	485.93	475.76	550.76
Staten Island3	601.06	715.94	499.41	539.45	643.43	716.34	740.24	751.86	643.01	623.27	611.09	513.92	676.25	601.45	554.24	535.98	626.37	659.73	675.7	729.32	619.95	629.95	624.55	542.42	705.23	560.7	625.6	678.04	661.69	668.33	833.9	755.01	726.17	697.98	645.1	646.06	765.06
																																					
																																					
																																					
Row Labels	Oct-13	Jan-14	Feb-14	Mar-14	Apr-14	May-14	Jun-14	Jul-14	Aug-14	Sep-14	Oct-14	Nov-14	Dec-14	Jan-15	Feb-15	Mar-15	Apr-15	May-15	Jun-15	Jul-15	Aug-15	Sep-15	Oct-15	Nov-15	Dec-15	Jan-16	Feb-16	Mar-16	Apr-16	May-16	Jun-16	Jul-16	Aug-16	Sep-16	Oct-16	Nov-16	Dec-16
Bronx1	184.48	177.3	154.85	187.92	203.63	179.69	214.31	207.46	188.52	217.44	184.47	173.7	242.74	172.17	198.43	225.77	191.12	184.73	260.35	211.48	218.3	235.17	213.98	211.03	261.85	173.08	269.68	238.14	232.44	239.49	236.56	238.89	263.34	245.3	227.47	242.76	252.84
Bronx2	164.45	200.48	145.2	168.17	168.3	216.77	178.05	196.26	189.02	165.85	204.68	137.66	188.25	253.43	162.01	179.31	208.11	195.76	185.36	240	182.59	200.64	231.72	163.27	286.19	214.8	216.53	235.04	224.19	208.1	254.47	239.47	214.42	275.14	212.04	179.4	336.22
Bronx3	202.24	237.6	166.84	191.14	246.77	180.63	201.13	255.89	205.13	221.69	210.7	189.8	291.13	159.89	225.94	248.5	245.54	207.8	257.65	258.37	221.94	286.76	222.76	224.5	360.42	195.49	302.55	339.69	274.92	303.6	333.48	273.6	308.82	262.16	238.64	307.12	274.34
Bronx4	368.86	377.82	340.38	420.16	437.36	393.96	437.68	442.48	423.76	429.84	401.26	392.46	518.64	382.45	397.53	470.99	430.08	432.54	526.61	455.96	460.26	463.2	460.34	453.01	546.07	392.44	564.5	520.91	503.87	493.36	521.08	529.57	543.2	495.37	508.38	524.51	562.49
Bronx5	390.81	405	342.79	420.58	440.57	439.69	440.73	448.76	440.31	439.09	424.63	428.74	528.49	394.64	405.45	465.66	437.19	436.9	506.31	474.05	479.37	494.99	473.37	463.03	552.84	418.98	556.77	521.14	518.53	495.54	524.79	528.3	541.76	498.45	498.88	528.93	562.27
Bronx6	256.27	274.21	202.25	220.96	290.1	231.53	239.74	295.09	229.63	258.41	245.33	220.5	321.11	174.77	257.84	266.95	269.15	239.19	285.05	274.17	241.51	309.14	231.28	240.14	366.81	201.24	319.08	341.07	273.52	308.15	323.69	289.02	351.84	286.62	276.31	366.19	313.33
Bronx7	500.03	567.07	446.17	517.26	545.08	530.43	558.25	592.88	537.63	544.51	560.77	501.97	663.01	547.97	507.27	566.06	571.44	528.67	628.16	619.86	575.99	606.96	593.6	548.54	756.56	518.57	678.7	654.76	601.59	599.13	691.58	636.5	680.49	641.54	620.02	640.47	760.74
Bronx8	605.7	624.45	513.02	568.97	633.42	608.42	606.32	652.94	576.3	634.28	623.26	564.03	763.68	589.26	582.21	639.47	613.83	582.07	693.18	641.15	596.2	674.66	651.28	618.52	843.56	536.83	734.84	697.71	640.4	677.93	705.55	643.56	701.12	668.88	641.93	702.35	784.77
Bronx9	397.92	447.79	331	416.85	427.94	483.75	451.12	476.56	440.21	412.19	443.91	394.22	499.08	470.12	377.73	435.24	455.04	457.18	479.91	498.72	465.72	467.83	487.01	409.11	576.14	409.67	500.35	496.36	484.69	469.54	562.99	545.29	527.79	541.15	496.83	460.85	632.16
Bronx10	583.67	666.89	511.6	575.66	616.87	697.56	644.67	652.31	612.21	599.15	630.96	575.32	747.79	606.83	563.12	613.14	619.84	633.18	672.25	672.27	624.49	639.92	700.06	602.9	837.76	585.5	685.47	654.42	661.46	643.44	715.85	696.43	660.05	665.05	649.99	647.51	834.36
Bronx11	521.24	581.58	447.86	521.98	546.02	580.58	580.99	594.1	550.08	545.32	565.43	510.19	660.94	559.37	476.85	548.84	547.27	545.93	615.62	594.03	557.09	567.04	595.02	516.94	703.59	489.55	620.38	582.85	567	557.16	637.03	606.95	583.87	589.8	563.22	568.51	712.94
Bronx12	720.24	815.97	601.93	741.25	790.8	809.44	832.13	871.13	808.69	777.78	786.77	693.53	925.05	743.32	672.34	794.2	792.41	769.19	879.82	893.09	826.14	850.82	819.56	748.01	1008.49	678.84	882.21	848.72	837.85	817.73	951.31	912.96	925.85	874.85	809.53	841.78	1010.75
Brooklyn1	882.25	954.69	753.84	855.99	886.25	962.44	870.87	875.41	789.93	865.69	953.5	780.25	973.95	843.55	982.45	907.8	920.76	843.49	925.37	895.94	843.71	940.47	1004.33	824.75	1156.82	825.98	1066.7	997.68	939.44	944.06	1052.9	889.18	912.3	1099.07	1019.06	930.56	1227.28
Brooklyn2	719.47	818.53	626.87	681.8	725.3	731.74	737.27	698.88	651.33	699.24	773.54	699.37	850.04	662.69	797.1	732.45	762.94	732.29	836.5	761.66	716.12	799.09	827.32	750.4	910.7	650.92	873.95	815.75	780.29	763.31	865.57	761.59	786.2	830.41	835.89	847.72	957.08
Brooklyn3	487.07	518.5	406.67	461.01	512.01	488.2	507.58	536.12	472.48	526.74	525.23	444.31	627	437.51	510.54	563.85	534.58	499.88	616.69	577.87	529.64	619.19	563.71	532.1	726.56	467.47	658.39	637.79	570.5	618.81	678.81	596.58	656.7	670.9	601.09	683.94	723.2
Brooklyn4	413.27	468.53	381.42	437.73	435.04	464.62	473.98	476.7	444.32	434.53	446.82	401.59	505.23	400.99	467.39	448.58	454.8	439.52	510.51	491.17	479.06	478.77	494.06	439.79	572.56	434.38	536.1	506.5	493.19	483.56	570.38	544.57	541.89	545.69	519.84	500.57	611.98
Brooklyn5	523.48	583.02	435.96	494.27	576.88	533.5	572.44	610.6	524.98	522.8	530.48	449.36	666.31	423.86	508.43	552.02	564.24	491.93	625.6	624.95	552.2	601.11	534.75	522.19	735	428.63	640.82	629.29	560.48	573.91	676.14	610.79	656.91	608.49	555.96	620.23	690.01
Brooklyn6	929.11	1031.98	821.25	874.56	920.73	1005.86	985.01	908.6	867.93	902.09	1006.73	897.3	1086.84	879.56	1001.11	917.16	926.41	931.24	1026.78	943.83	867.59	962.86	1046.61	929.45	1135.42	838.59	1095.7	969.13	957.38	933.73	1032.15	927.06	923.74	1004.29	986.12	972.25	1202.59
Brooklyn7	733.68	800.89	663.29	706.49	761.95	773.93	812.19	795.44	725.57	768.12	775.39	709.52	888.37	669.02	816.43	773.67	749.64	726.04	890.83	811.89	768.06	816.54	807.37	743.35	941.11	624.29	892.69	806.38	779.23	773.35	874.08	828.26	818.35	811.46	798.95	804.72	933.02
Brooklyn8	448.06	468.46	387.96	415.14	465.09	410.14	472.75	488.47	413.42	471.82	449.87	411.95	573.33	362.22	480.46	498.82	456.78	422.78	565.45	470.95	465.13	510.57	460.32	466.03	590.58	366.47	574.69	522.07	455.67	504.86	561.11	484.95	551.52	502.42	490.91	547.44	555.18
Brooklyn9	386.29	448.9	327.91	382.13	415.08	457.07	387.37	403.59	407.36	392.64	440.22	369.65	461.15	374.95	395.11	411.82	412.5	422.18	411.24	455.03	398.05	440.38	464.09	378.48	490.19	396.31	454.42	436.83	447.5	415.17	463.54	451.69	419.88	479.77	430.36	434.38	580.58
Brooklyn10	884.05	961.88	767.44	822.59	904.58	912.02	936.44	923.36	839.31	885.7	920.22	838.3	1080.07	821.46	926.07	892.05	891.44	847.28	1017.13	924.82	870.53	925.73	947.65	879.6	1161.05	753.22	1019.6	944.9	906.96	911.82	1017.42	943.02	935.58	947.37	939.35	955.6	1172.15
Brooklyn11	1023.95	1169.94	950.32	984.42	1107.53	1108.38	1089.74	1104.82	1040.11	1027.92	1102.21	987.46	1248.29	968.07	1118.43	1043.33	1068.87	1014.2	1185.53	1111.56	1043.24	1099.44	1138.49	988.37	1323.48	872.8	1209.96	1095.01	1087.89	1079.24	1217.01	1145.99	1091.95	1117.75	1093.12	1067.98	1341.61
Brooklyn12	1011.89	1075.44	966.8	1088.77	1119.84	1115.1	1046.53	896.21	834.59	1068.8	1120.04	970.27	1196.97	936.94	1119.59	1243.56	1070.84	994.15	1139.01	895.85	894.07	1152.35	1117.78	960.49	1269.4	846.28	1181.66	1175.31	1111.36	1137.44	1153.88	919.23	884.73	1169.69	1085.8	1054.57	1298.05
Brooklyn13	312.53	342.33	276.54	280.26	336.87	326.63	319.08	333.41	310.4	310.83	331.91	278.63	376.34	275.93	327.76	322.41	329.97	322.82	364.73	371.86	321.36	358.14	360.43	314.7	395	300.38	381.08	364.32	365.16	363.2	388.5	387.02	379.37	393.78	351.98	372.42	438.88
Brooklyn14	721	776.82	674.59	770.72	770.26	746.24	799.25	708.83	683.93	767.69	758.81	729.32	905.61	658.56	782.46	833.73	742.79	704.9	869.74	718.46	733.55	802.28	784.81	751.68	890.8	625.18	898.17	831.77	799.73	804.18	843.34	783.18	781.31	803.68	815.79	813.08	937.56
Brooklyn15	997.29	1053.45	875.67	959.2	1065.83	1032.14	1009.58	964.16	889.78	986.36	1038.8	928.78	1175.9	856.77	1025.7	1054.37	1003.33	945.84	1089.99	962.36	916.08	1057.36	1070.17	937.38	1228.37	815.71	1108.94	1063.96	1040.23	1009.5	1117.07	975.87	977.05	1059.14	1054.46	1029.07	1234.85
Brooklyn16	199.29	227.51	166.36	196.38	215.01	239.86	206.4	223.07	219.47	189.3	226.14	191.58	241.4	187.69	201.47	190.24	216.97	216.4	201.7	241.34	220.55	231.13	236.26	199.25	274.24	209.61	222.13	238.06	233.42	214.76	253.16	256.22	234.87	247.96	230.85	226.02	314.13
Brooklyn17	629.74	666.3	533.36	613.69	665.63	676.88	692.2	729.97	668.63	656.16	650.37	587.9	798.76	566.71	608.44	647.64	661.24	640.25	746.41	742.65	697.24	715.13	673.18	616.4	867.68	556.62	711.8	691.86	664.12	661.96	762.23	755.31	760.36	717.59	670.86	679.21	857.14
Brooklyn18	1017.63	1093.16	884.07	987.4	1070.93	1130.06	1099.93	1121.96	1034.38	1033.28	1067.82	951.83	1277.94	943.93	1011.25	1053.64	1075.25	1037.5	1163.66	1141.36	1059.2	1104.47	1082.64	969.27	1366.8	877.69	1142.67	1100.26	1091.15	1084.05	1258.84	1198.94	1157.05	1229.39	1086.25	1105.41	1442.77
Manhattan1	547.88	614.5	495.52	534.45	513.87	636.92	561.66	482.13	504.85	534.56	619.22	523.57	591.31	634.89	528.01	534.34	544.9	559.04	560.08	571.44	523.39	556.48	679.51	562.74	690.88	535.26	632.52	603.37	622.37	542.7	590.58	568.08	494.49	662.36	628.07	543.37	773.05
Manhattan2	740.81	750.94	625.11	665.98	741.02	705.34	750.06	684.84	593.14	712.32	763.94	716.09	879.47	643.79	765.79	721.94	750.23	662.43	795.3	663.37	655.55	782.75	756.22	748.95	923.48	631.38	810.27	828.16	731.72	771.58	825.63	680.72	754.76	757.07	797.27	828.2	859.58
Manhattan3	576.88	665.39	483.8	516.57	562.41	644.14	555.75	601.15	566.27	538.87	661.99	548.27	657.17	600.08	609.36	551.83	643.78	637.26	610.02	687.25	586.13	649.07	694.57	549.09	738.12	583.16	674.88	673.48	646.97	597.54	702.91	646.94	642.81	695.42	621.63	592.41	764.38
Manhattan4	735.87	848.1	665.04	692.27	715.38	895.27	749.13	733.45	751.58	722.71	888.54	737.55	840.33	864.51	758.25	705.48	799.62	843.2	780.97	840.58	742.03	809.79	934.86	742	924.91	811.05	831.79	841.43	893.26	800.17	863.81	861.32	769.91	928.93	856.34	774.42	1087.5
Manhattan5	419.88	420.4	336.84	347.29	434.97	429.55	401.1	429.33	350.56	411.59	438.47	371.18	476.78	371.45	431	417.96	420.91	399.37	431.79	403.18	371.35	455.99	449.34	393.05	542.6	378.49	437.98	483.42	418.13	449.1	444.53	394.59	432.41	454.23	419.14	476.5	501.95
Manhattan6	866.8	973.65	781.38	801.3	829.45	1066.09	857.63	856.89	831.9	811.24	1018.94	827.15	966.37	1035.34	839.48	810.34	910.14	907.65	858.97	935.81	816.23	907.26	1097.68	830.59	1184.65	941.29	937.81	969.59	972.75	883.79	950.61	924.45	819.9	1041.03	944.21	866.75	1261.98
Manhattan7	1659.32	1823.84	1461.89	1568.99	1643.56	1883.89	1778.63	1598.16	1507.45	1706.91	1881.47	1739.71	2014.54	1837.52	1718.7	1743.81	1778.58	1722.57	1854.55	1696.55	1613.79	1847.75	2064.81	1820.31	2286.04	1719.07	2087.42	1974.34	1953.7	1840.03	1941.55	1753.63	1749.35	1988.61	1948.51	1896.86	2325.72
Manhattan8	1779.16	1960.23	1568.75	1651.76	1801.04	1994.48	1824.83	1673.34	1567.22	1777.29	1983.63	1819.15	2098.35	1791.12	1861.74	1780.93	1948.64	1872.4	1873.84	1713.82	1624.61	1935.6	2141.55	1875.82	2396.95	1789.17	2074.9	2028.41	2016.28	1903.1	1947.49	1760.13	1682.65	1998.12	1998.08	2030.37	2391.88
Manhattan9	424.48	508.85	394.18	431.5	450.17	576.11	452.57	446.45	502.32	458.78	517.63	460.33	517.18	524.73	467.97	438.42	472.58	554.61	487.84	514.5	492.43	520.8	570.24	455.34	547.01	578.47	475.08	489.62	541.62	500.22	539.34	563.75	505.98	590.21	533	486.45	683.83
Manhattan10	389.47	442.42	322.96	346.92	423.69	426.72	389	445.92	394.53	411.64	461.73	370.51	503.99	457.81	407.35	430.98	454.17	437.5	456.76	496.23	413.93	492.88	488.23	398.72	605.57	447.27	489.74	527.31	479.53	461.15	534.76	509.6	519.2	544.26	459.04	503.07	628.78
Manhattan11	344.63	390.8	286.1	303.51	371.99	335.91	336.25	387.83	324.35	338.16	374.08	349.66	461.11	298.98	401.25	365.08	395.75	354.76	379.38	403.38	360.13	452.25	384.34	361.89	498.3	348.39	425.49	448.92	384.17	384.83	456.06	386.91	434.92	389.19	395.6	459.73	441.81
Manhattan12	857.65	983.35	704.1	750.11	857.39	887.06	798.28	959.29	816.27	844.91	943.63	780.88	1040.11	947.98	882.51	863.52	966.68	892.36	927.41	1028.15	867.25	974.53	986.2	804.71	1272.13	863.27	1020.51	1036.73	923.23	917.47	1054.36	952.05	967.69	980.79	880.74	926.95	1202.13
Queens1	998.29	1152.17	892.9	1033.56	1069.28	1093.08	1133.38	1102.91	1014.09	1058.5	1108.61	1008.87	1268.12	946.88	1095.48	1082.14	1057.66	1004.95	1220.57	1115.49	1059.38	1099.71	1130.11	1043.79	1312.58	991.21	1228.79	1131.18	1100.36	1078.24	1232.13	1135.66	1191.12	1141.09	1148.75	1153.07	1324.9
Queens2	650.77	715.93	592.16	642.01	684.61	703.25	709.97	738.64	661.26	679.12	698.96	635.5	821.35	629.61	711.66	678.95	670	666.26	784.24	734.21	684.11	743.86	746.98	670.43	920.58	724.87	748.13	755.83	720.86	723.92	774.88	759.42	786.85	764.73	744.76	780.3	895.95
Queens3	727.88	830.73	643.09	684.24	721.21	788.82	751.18	797.39	728.79	690.55	772.64	644.03	861.02	685.36	739.58	722.6	755.86	736.8	803.64	850.44	731.99	763.46	807.04	700.03	971.93	720.83	814.86	803.02	787.75	752.71	884.89	849.9	829.93	853.61	792.91	788.34	1027.54
Queens4	615.82	716.07	539.35	585.74	614.4	664.83	642.81	688.81	614.08	591.58	655.58	551.16	720.37	580.31	643.35	603.73	632.71	610.88	680.54	731.42	624.88	666.68	688.35	590.32	838.58	574.52	695.92	684.07	650.18	632.32	746.39	721.69	721.04	738.52	671.45	673.1	867.25
Queens5	1198.02	1325.8	1059.85	1173.27	1230.19	1282.41	1270.71	1293.83	1175.43	1179.43	1269.93	1149.29	1507.28	1144.37	1239.6	1213.17	1267.55	1206.16	1391.2	1327.44	1202.88	1265.3	1314.7	1192.82	1645.39	1123.04	1388.46	1335.41	1295.96	1272.14	1424.3	1339.57	1338.42	1383.4	1336.16	1339.88	1661.6
Queens6	694.77	769.61	608.11	673.8	712.18	756.51	735.07	740.74	692.65	685.72	738.74	654.24	807.79	658.09	730.72	697.04	722.44	680.81	762.96	769.81	711.77	743.89	778.11	685.89	927.11	694.64	755.51	751.34	752.47	713.17	804.57	766.73	768.38	796.98	768.23	760.72	940.54
Queens7	1331.09	1437.96	1096.93	1320.51	1379.51	1492.57	1475.45	1459.55	1390.64	1382.29	1422.99	1288.43	1624.5	1217.99	1331.33	1392.52	1386.22	1380.38	1569.65	1468.52	1417.06	1422.64	1467.56	1312.44	1730.49	1276.99	1465.05	1438.71	1435.8	1406.13	1563.6	1501.48	1477.38	1483.37	1461.58	1437.72	1776.92
Queens8	790.75	843.2	676.39	784.53	832.97	864.71	857.37	841.47	782.26	782.02	814.27	731.16	952.59	676.5	785.89	825.81	791.32	774.68	917.08	866.28	795.91	832.04	847.13	759.03	1001.65	718.8	890.23	862.64	861.56	826.76	921.5	870.46	886.01	905.29	853.17	854.56	1012.49
Queens9	791.97	873.3	709.62	798.27	842.51	855.74	906.25	906.97	805.24	813.24	826.98	764.32	998.82	746.73	800.61	852.02	844.07	804.56	996.83	927.9	874.08	885.28	869.4	808.32	1086.1	784.84	928.53	916.63	883.3	896.78	1029.9	960.04	972.3	928.61	914.94	917.18	1077.99
Queens10	719.27	807.99	655.06	721.95	778.52	798.78	843.5	823.73	719.91	728.46	741.17	676.66	917.02	646.7	731.96	761.3	771.14	730.88	886.02	823.29	771.09	773.92	777.71	746.33	1028.39	712.03	822.66	841.57	822.49	822.04	949.02	890.05	880.36	856.82	832.76	820.92	980.11
Queens11	849.71	893.27	701.07	806.25	890.85	910.87	936.29	922.92	824.88	869.71	878.44	793.07	1044.27	723.67	802.19	878.68	868.04	841.08	1004.36	908.14	864.46	919.38	908.87	823.73	1111.91	752.11	921.77	931.29	871.04	885.64	988.9	898.28	915.42	902.28	875.84	929.53	1088.47
Queens12	995.97	1092.44	871.59	1036.53	1074.14	1160.89	1168.48	1217.06	1096.45	1035.18	1082.84	959.87	1270.49	953	1029.73	1091.5	1121.78	1110.24	1281.65	1247.99	1160.6	1176.35	1150.29	1036.97	1421.27	1027.21	1191.68	1198.94	1191.62	1188.71	1376.15	1329.86	1301.77	1273.5	1191.04	1181.17	1481.92
Queens13	1079.38	1145.12	895.5	1051.55	1136.68	1239.82	1213.18	1286.87	1138.49	1083.98	1109.17	980.16	1312.92	983.99	1015.12	1100.07	1136.86	1142.17	1284.25	1272	1167.02	1196.03	1182.33	1052.9	1460.86	989.81	1198.6	1200.14	1189.56	1212.4	1392.01	1339.49	1318.22	1283.06	1183.3	1199.57	1461.57
Queens14	385.55	406.74	330.84	384.15	402.76	456.47	424.15	447.5	411.8	385.42	413.19	367.56	473.47	364.47	402.37	415.88	408.67	409.03	449.75	474.04	424.18	437.54	454.63	379.57	547.07	403.53	431.01	447.65	472.91	456.25	513.14	530.58	476.64	506.18	457.82	440.02	597.36
Staten Island1	1153.5	1311.83	971.97	1138.26	1201.62	1281.11	1337.42	1314.23	1156.9	1166.6	1213.67	1071.85	1421.39	1126.91	1048.95	1152.56	1162.49	1153.4	1337.74	1267.12	1175.9	1186.62	1176.97	1097.28	1448.28	998.79	1278.91	1253.68	1191.28	1211.77	1412.58	1323.83	1299.58	1272.86	1248.04	1218.02	1562.28
Staten Island2	1015.07	1154.11	850.65	956.29	1070.46	1123.11	1165.3	1153.31	983.35	994.88	1064.3	927.11	1237.44	975.02	930.79	995.07	1045.54	1000.92	1150.2	1100.8	1000.47	1056.28	1053.34	941.85	1319.8	849.52	1093.77	1085.91	1033.88	1050.31	1217.3	1101.59	1079.26	1067.48	1032.98	1042.36	1309.06
Staten Island3	1422.71	1675.77	1189.24	1279.46	1485.29	1587.54	1589.22	1587.77	1387	1370.05	1478.84	1281.47	1746.54	1363.22	1264.66	1311.37	1418.09	1420.78	1541.33	1539.73	1332.42	1426.08	1435.79	1287.32	1823.6	1204.09	1439.1	1468.93	1402.48	1419.43	1668.77	1524.61	1469.04	1466.71	1393.61	1424.19	1871.17
	41979.31	46371	36514.2	40644.47	43773.79	46009.25	45018.35	45107.94	41313.07	42520.97	45243.86	40138.29	51315.5	40755.65	42882.31	43680.31	44370.79	42962.96	48256.06	46355.58	42890	46392.35	47330.81	42074.91	56342.27	39878.62	49191.9	47969.4	46351.39	45690.48	50996.17	47445.4	47258.1	48937.87	46698.85	47001.28	57414.98
																																					
																																					
Row Labels	Oct-13	Jan-14	Feb-14	Mar-14	Apr-14	May-14	Jun-14	Jul-14	Aug-14	Sep-14	Oct-14	Nov-14	Dec-14	Jan-15	Feb-15	Mar-15	Apr-15	May-15	Jun-15	Jul-15	Aug-15	Sep-15	Oct-15	Nov-15	Dec-15	Jan-16	Feb-16	Mar-16	Apr-16	May-16	Jun-16	Jul-16	Aug-16	Sep-16	Oct-16	Nov-16	Dec-16
Grand Total	41979.31	46371	36514.2	40644.47	43773.79	46009.25	45018.35	45107.94	41313.07	42520.97	45243.86	40138.29	51315.5	40755.65	42882.31	43680.31	44370.79	42962.96	48256.06	46355.58	42890	46392.35	47330.81	42074.91	56342.27	39878.62	49191.9	47969.4	46351.39	45690.48	50996.17	47445.4	47258.1	48937.87	46698.85	47001.28	57414.98