	Borough	District	bororder	13-Oct	14-Jan	14-Feb	14-Mar	14-Apr	14-May	14-Jun	14-Jul	14-Aug	14-Sep	14-Oct	14-Nov	14-Dec	15-Jan	15-Feb	15-Mar	15-Apr	15-May	15-Jun	15-Jul	15-Aug	15-Sep	15-Oct	15-Nov	15-Dec	16-Jan	16-Feb	16-Mar	16-Apr	16-May	16-Jun	16-Jul	16-Aug	16-Sep	16-Oct	16-Nov	16-Dec		Oct-13	14-Jan	14-Feb	14-Mar	14-Apr	14-May	14-Jun	14-Jul	14-Aug	14-Sep	14-Oct	14-Nov	14-Dec	15-Jan	15-Feb	15-Mar	15-Apr	15-May	15-Jun	15-Jul	15-Aug	15-Sep	15-Oct	15-Nov	15-Dec	16-Jan	16-Feb	16-Mar	16-Apr	16-May	16-Jun	16-Jul	16-Aug	16-Sep	16-Oct	16-Nov	16-Dec		variance			
			0																																																																																
37	Manhattan	M11	1	"2,255"	"2,153"	"1,907"	"2,132"	"2,165"	"2,311"	"2,229"	"2,290"	"2,117"	"2,213"	"2,230"	"2,084"	"2,359"	"2,090"	"1,854"	"2,235"	"2,132"	"2,246"	"2,442"	"2,219"	"2,140"	"2,257"	"2,249"	"2,162"	"2,380"	"2,074"	"2,080"	"2,256"	"2,161"	"2,298"	"2,339"	"2,161"	"2,265"	"2,272"	"2,234"	"2,267"	"2,318"		"2,255"	"2,153"	"1,907"	"2,132"	"2,165"	"2,311"	"2,229"	"2,290"	"2,117"	"2,213"	"2,230"	"2,084"	"2,359"	"2,090"	"1,854"	"2,235"	"2,132"	"2,246"	"2,442"	"2,219"	"2,140"	"2,257"	"2,249"	"2,162"	"2,380"	"2,074"	"2,080"	"2,256"	"2,161"	"2,298"	"2,339"	"2,161"	"2,265"	"2,272"	"2,234"	"2,267"	"2,318"		13519.15705			
32	Manhattan	M6	1	"5,314"	"5,028"	"4,496"	"4,865"	"5,092"	"5,424"	"5,052"	"5,229"	"4,903"	"5,168"	"5,248"	"4,966"	"5,388"	"4,944"	"4,331"	"5,074"	"4,920"	"5,131"	"5,466"	"4,983"	"4,859"	"5,107"	"5,239"	"4,922"	"5,399"	"4,740"	"4,727"	"5,095"	"4,935"	"5,153"	"5,270"	"4,825"	"5,095"	"5,133"	"5,142"	"5,169"	"5,235"		"3,059"	"2,875"	"2,589"	"2,733"	"2,927"	"3,113"	"2,823"	"2,939"	"2,786"	"2,955"	"3,018"	"2,882"	"3,029"	"2,854"	"2,477"	"2,839"	"2,788"	"2,885"	"3,024"	"2,764"	"2,719"	"2,850"	"2,990"	"2,760"	"3,019"	"2,666"	"2,647"	"2,839"	"2,774"	"2,855"	"2,931"	"2,664"	"2,830"	"2,861"	"2,908"	"2,902"	"2,917"		18239.98831			
29	Manhattan	"M1,2"	1	"8,845"	"8,451"	"7,661"	"8,117"	"8,502"	"9,020"	"8,372"	"8,503"	"7,992"	"8,537"	"8,730"	"8,275"	"8,905"	"8,196"	"7,342"	"8,415"	"8,137"	"8,520"	"9,027"	"8,172"	"7,948"	"8,438"	"8,733"	"8,260"	"8,838"	"7,848"	"7,941"	"8,435"	"8,192"	"8,484"	"8,776"	"7,882"	"8,320"	"8,434"	"8,528"	"8,529"	"8,621"		"3,531"	"3,423"	"3,165"	"3,252"	"3,410"	"3,596"	"3,320"	"3,274"	"3,089"	"3,369"	"3,482"	"3,309"	"3,517"	"3,252"	"3,011"	"3,341"	"3,217"	"3,389"	"3,561"	"3,189"	"3,089"	"3,331"	"3,494"	"3,338"	"3,439"	"3,108"	"3,214"	"3,340"	"3,257"	"3,331"	"3,506"	"3,057"	"3,225"	"3,301"	"3,386"	"3,360"	"3,386"		20665.70928			
35	Manhattan	M9	1	"11,405"	"10,815"	"9,765"	"10,500"	"10,986"	"11,732"	"10,865"	"11,066"	"10,411"	"11,054"	"11,249"	"10,619"	"11,501"	"10,479"	"9,294"	"10,789"	"10,399"	"11,017"	"11,602"	"10,574"	"10,291"	"10,872"	"11,172"	"10,559"	"11,351"	"10,030"	"10,116"	"10,784"	"10,483"	"10,872"	"11,333"	"10,193"	"10,807"	"10,826"	"10,921"	"10,934"	"11,061"		"2,560"	"2,364"	"2,104"	"2,383"	"2,484"	"2,712"	"2,493"	"2,563"	"2,419"	"2,517"	"2,519"	"2,344"	"2,596"	"2,283"	"1,952"	"2,374"	"2,262"	"2,497"	"2,575"	"2,402"	"2,343"	"2,434"	"2,439"	"2,299"	"2,513"	"2,182"	"2,175"	"2,349"	"2,291"	"2,388"	"2,557"	"2,311"	"2,487"	"2,392"	"2,393"	"2,405"	"2,440"		21131.91819			
30	Manhattan	M3	1	"14,507"	"13,787"	"12,454"	"13,310"	"13,976"	"14,877"	"13,839"	"14,192"	"13,367"	"14,053"	"14,322"	"13,449"	"14,603"	"13,316"	"11,808"	"13,764"	"13,327"	"14,010"	"14,880"	"13,687"	"13,244"	"13,851"	"14,175"	"13,400"	"14,323"	"12,713"	"12,793"	"13,678"	"13,388"	"13,770"	"14,559"	"13,081"	"13,930"	"13,760"	"13,839"	"13,837"	"13,975"		"3,102"	"2,972"	"2,689"	"2,810"	"2,990"	"3,145"	"2,974"	"3,126"	"2,956"	"2,999"	"3,073"	"2,830"	"3,102"	"2,837"	"2,514"	"2,975"	"2,928"	"2,993"	"3,278"	"3,113"	"2,953"	"2,979"	"3,003"	"2,841"	"2,972"	"2,683"	"2,677"	"2,894"	"2,905"	"2,898"	"3,226"	"2,888"	"3,123"	"2,934"	"2,918"	"2,903"	"2,914"		23295.7721			
36	Manhattan	M10	1	"17,354"	"16,558"	"14,801"	"16,046"	"16,765"	"17,812"	"16,674"	"17,191"	"16,137"	"16,858"	"17,154"	"16,102"	"17,582"	"15,931"	"14,132"	"16,573"	"15,943"	"16,736"	"17,906"	"16,614"	"16,024"	"16,721"	"16,965"	"16,088"	"17,234"	"15,258"	"15,319"	"16,452"	"16,051"	"16,562"	"17,473"	"15,887"	"16,875"	"16,542"	"16,547"	"16,647"	"16,795"		"2,847"	"2,771"	"2,347"	"2,736"	"2,789"	"2,935"	"2,835"	"2,999"	"2,770"	"2,805"	"2,832"	"2,653"	"2,979"	"2,615"	"2,324"	"2,809"	"2,616"	"2,726"	"3,026"	"2,927"	"2,780"	"2,870"	"2,790"	"2,688"	"2,911"	"2,545"	"2,526"	"2,774"	"2,663"	"2,792"	"2,914"	"2,806"	"2,945"	"2,782"	"2,708"	"2,810"	"2,820"		24133.73265			
31	Manhattan	"M4,5"	1	"21,119"	"20,209"	"18,058"	"19,520"	"20,357"	"21,608"	"20,231"	"20,830"	"19,567"	"20,492"	"20,895"	"19,550"	"21,325"	"19,376"	"17,217"	"20,144"	"19,339"	"20,334"	"21,726"	"20,131"	"19,441"	"20,318"	"20,677"	"19,579"	"20,952"	"18,574"	"18,704"	"20,049"	"19,570"	"20,130"	"21,314"	"19,315"	"20,514"	"20,197"	"20,202"	"20,305"	"20,515"		"3,765"	"3,651"	"3,257"	"3,474"	"3,592"	"3,796"	"3,557"	"3,639"	"3,430"	"3,634"	"3,741"	"3,448"	"3,743"	"3,445"	"3,085"	"3,571"	"3,396"	"3,598"	"3,820"	"3,517"	"3,417"	"3,597"	"3,712"	"3,491"	"3,718"	"3,316"	"3,385"	"3,597"	"3,519"	"3,568"	"3,841"	"3,428"	"3,639"	"3,655"	"3,655"	"3,658"	"3,720"		26238.02484			
38	Manhattan	M12	1	"26,182"	"25,115"	"22,356"	"24,448"	"25,383"	"26,857"	"25,266"	"26,002"	"24,430"	"25,543"	"25,940"	"24,249"	"26,605"	"23,992"	"21,177"	"25,052"	"24,058"	"25,148"	"26,947"	"25,089"	"24,185"	"25,213"	"25,569"	"24,366"	"26,065"	"23,035"	"23,164"	"24,980"	"24,251"	"24,799"	"26,539"	"24,063"	"25,585"	"25,038"	"25,071"	"25,351"	"25,542"		"5,063"	"4,906"	"4,298"	"4,928"	"5,026"	"5,249"	"5,035"	"5,172"	"4,863"	"5,051"	"5,045"	"4,699"	"5,280"	"4,616"	"3,960"	"4,908"	"4,719"	"4,814"	"5,221"	"4,958"	"4,744"	"4,895"	"4,892"	"4,787"	"5,113"	"4,461"	"4,460"	"4,931"	"4,681"	"4,669"	"5,225"	"4,748"	"5,071"	"4,841"	"4,869"	"5,046"	"5,027"		73053.07232			
33	Manhattan	M7	1	"31,665"	"30,326"	"26,886"	"29,433"	"30,642"	"32,360"	"30,401"	"31,055"	"29,152"	"30,818"	"31,307"	"29,296"	"32,019"	"29,001"	"25,499"	"30,098"	"29,059"	"30,258"	"32,355"	"29,892"	"28,813"	"30,292"	"30,829"	"29,443"	"31,369"	"27,777"	"27,831"	"30,014"	"29,205"	"29,713"	"31,811"	"28,621"	"30,410"	"30,041"	"30,143"	"30,493"	"30,658"		"5,483"	"5,211"	"4,530"	"4,985"	"5,259"	"5,503"	"5,135"	"5,053"	"4,722"	"5,275"	"5,367"	"5,047"	"5,414"	"5,009"	"4,322"	"5,046"	"5,001"	"5,110"	"5,408"	"4,803"	"4,628"	"5,079"	"5,260"	"5,077"	"5,304"	"4,742"	"4,667"	"5,034"	"4,954"	"4,914"	"5,272"	"4,558"	"4,825"	"5,003"	"5,072"	"5,142"	"5,116"		74869.88897			
34	Manhattan	M8	1	"37,498"	"35,820"	"31,761"	"34,558"	"36,226"	"38,159"	"35,743"	"36,259"	"33,948"	"36,296"	"36,983"	"34,694"	"37,643"	"34,217"	"30,233"	"35,336"	"34,354"	"35,701"	"38,033"	"34,757"	"33,478"	"35,682"	"36,476"	"34,713"	"36,946"	"32,871"	"32,689"	"35,288"	"34,382"	"34,980"	"37,296"	"33,289"	"35,220"	"35,165"	"35,568"	"35,980"	"36,137"		"5,833"	"5,494"	"4,875"	"5,125"	"5,584"	"5,799"	"5,342"	"5,204"	"4,796"	"5,478"	"5,676"	"5,398"	"5,624"	"5,216"	"4,734"	"5,238"	"5,295"	"5,443"	"5,678"	"4,865"	"4,665"	"5,390"	"5,647"	"5,270"	"5,577"	"5,094"	"4,858"	"5,274"	"5,177"	"5,267"	"5,485"	"4,668"	"4,810"	"5,124"	"5,425"	"5,487"	"5,479"		101001.4259			
54	Staten Island	S2	2	"41,817"	"39,382"	"34,680"	"38,294"	"40,673"	"43,207"	"40,561"	"41,009"	"38,093"	"40,558"	"41,246"	"38,776"	"42,085"	"37,564"	"33,050"	"39,046"	"38,699"	"40,405"	"42,854"	"39,272"	"37,599"	"39,929"	"40,614"	"39,072"	"41,189"	"36,235"	"36,036"	"39,197"	"38,473"	"39,502"	"42,112"	"37,539"	"39,629"	"39,252"	"39,638"	"40,321"	"40,246"		"4,319"	"3,562"	"2,919"	"3,736"	"4,447"	"5,048"	"4,818"	"4,750"	"4,145"	"4,262"	"4,263"	"4,082"	"4,442"	"3,347"	"2,817"	"3,710"	"4,345"	"4,704"	"4,821"	"4,515"	"4,121"	"4,247"	"4,138"	"4,359"	"4,243"	"3,364"	"3,347"	"3,909"	"4,091"	"4,522"	"4,816"	"4,250"	"4,409"	"4,087"	"4,070"	"4,341"	"4,109"		257165.4317			
53	Staten Island	S1	2	"46,885"	"43,694"	"38,226"	"42,985"	"46,087"	"49,245"	"46,326"	"46,808"	"43,187"	"45,746"	"46,386"	"43,599"	"47,566"	"41,690"	"36,507"	"43,752"	"44,032"	"45,889"	"48,682"	"44,676"	"42,596"	"45,016"	"45,531"	"44,253"	"46,378"	"40,275"	"40,217"	"44,035"	"43,351"	"44,881"	"47,877"	"42,820"	"45,084"	"44,247"	"44,580"	"45,463"	"45,260"		"5,068"	"4,312"	"3,546"	"4,691"	"5,414"	"6,038"	"5,765"	"5,799"	"5,094"	"5,188"	"5,140"	"4,823"	"5,481"	"4,126"	"3,457"	"4,706"	"5,333"	"5,484"	"5,828"	"5,404"	"4,997"	"5,087"	"4,917"	"5,181"	"5,189"	"4,040"	"4,181"	"4,838"	"4,878"	"5,379"	"5,765"	"5,281"	"5,455"	"4,995"	"4,942"	"5,142"	"5,014"		341643.1103			
55	Staten Island	S3	2	"52,566"	"48,646"	"42,123"	"47,952"	"52,250"	"56,164"	"52,670"	"53,027"	"48,713"	"51,310"	"52,102"	"49,278"	"53,774"	"46,282"	"40,283"	"48,674"	"49,975"	"52,421"	"55,202"	"50,681"	"47,978"	"50,676"	"51,125"	"50,263"	"52,319"	"44,920"	"44,653"	"49,412"	"48,944"	"51,057"	"54,448"	"48,641"	"50,947"	"49,666"	"50,026"	"51,344"	"50,856"		"5,681"	"4,952"	"3,897"	"4,967"	"6,163"	"6,919"	"6,344"	"6,219"	"5,526"	"5,564"	"5,716"	"5,679"	"6,208"	"4,592"	"3,776"	"4,922"	"5,943"	"6,532"	"6,520"	"6,005"	"5,382"	"5,660"	"5,594"	"6,010"	"5,941"	"4,645"	"4,436"	"5,377"	"5,593"	"6,176"	"6,571"	"5,821"	"5,863"	"5,419"	"5,446"	"5,881"	"5,596"		489016.615			
6	Bronx	BX7	3	"54,982"	"50,996"	"44,215"	"50,247"	"54,675"	"58,676"	"55,053"	"55,567"	"51,021"	"53,697"	"54,510"	"51,618"	"56,376"	"48,542"	"42,181"	"50,916"	"52,267"	"54,774"	"57,701"	"53,052"	"50,214"	"52,987"	"53,470"	"52,570"	"54,790"	"47,166"	"46,752"	"51,716"	"51,197"	"53,394"	"56,926"	"50,991"	"53,370"	"52,019"	"52,382"	"53,752"	"53,277"		"2,416"	"2,350"	"2,092"	"2,295"	"2,425"	"2,512"	"2,383"	"2,540"	"2,308"	"2,387"	"2,408"	"2,340"	"2,602"	"2,260"	"1,898"	"2,242"	"2,292"	"2,353"	"2,499"	"2,371"	"2,236"	"2,311"	"2,345"	"2,307"	"2,471"	"2,246"	"2,099"	"2,304"	"2,253"	"2,337"	"2,478"	"2,350"	"2,423"	"2,353"	"2,356"	"2,408"	"2,421"		16426.73484			
4	Bronx	BX5	3	"58,392"	"54,322"	"47,294"	"53,721"	"58,159"	"62,300"	"58,479"	"59,280"	"54,453"	"57,216"	"57,927"	"54,857"	"60,041"	"51,714"	"45,045"	"54,342"	"55,565"	"58,111"	"61,351"	"56,575"	"53,609"	"56,447"	"56,867"	"55,936"	"58,400"	"50,359"	"50,020"	"55,236"	"54,537"	"56,714"	"60,599"	"54,476"	"56,996"	"55,442"	"55,790"	"57,259"	"56,861"		"3,410"	"3,326"	"3,079"	"3,474"	"3,484"	"3,624"	"3,426"	"3,713"	"3,432"	"3,519"	"3,417"	"3,239"	"3,665"	"3,172"	"2,864"	"3,426"	"3,298"	"3,337"	"3,650"	"3,523"	"3,395"	"3,460"	"3,397"	"3,366"	"3,610"	"3,193"	"3,268"	"3,520"	"3,340"	"3,320"	"3,673"	"3,485"	"3,626"	"3,423"	"3,408"	"3,507"	"3,584"		29896.59167			
1	Bronx	"BX1,2"	3	"61,888"	"57,735"	"50,403"	"57,232"	"61,598"	"65,878"	"61,946"	"62,959"	"57,854"	"60,647"	"61,324"	"58,053"	"63,695"	"54,916"	"47,866"	"57,826"	"58,820"	"61,431"	"64,907"	"60,087"	"56,932"	"59,837"	"60,134"	"59,222"	"61,930"	"53,423"	"53,123"	"58,585"	"57,731"	"60,010"	"64,227"	"57,896"	"60,580"	"58,803"	"59,119"	"60,785"	"60,352"		"3,496"	"3,413"	"3,109"	"3,511"	"3,439"	"3,578"	"3,467"	"3,679"	"3,401"	"3,431"	"3,397"	"3,196"	"3,654"	"3,202"	"2,821"	"3,484"	"3,255"	"3,320"	"3,556"	"3,512"	"3,323"	"3,390"	"3,267"	"3,286"	"3,530"	"3,064"	"3,103"	"3,349"	"3,194"	"3,296"	"3,628"	"3,420"	"3,584"	"3,361"	"3,329"	"3,526"	"3,491"		32098.42951			
5	Bronx	BX6	3	"65,504"	"61,220"	"53,662"	"60,904"	"65,264"	"69,649"	"65,576"	"66,835"	"61,406"	"64,276"	"64,897"	"61,464"	"67,565"	"58,233"	"50,779"	"61,408"	"62,285"	"64,932"	"68,735"	"63,814"	"60,513"	"63,432"	"63,708"	"62,788"	"65,739"	"56,831"	"56,477"	"62,251"	"61,266"	"63,527"	"68,193"	"61,560"	"64,471"	"62,430"	"62,800"	"64,573"	"64,151"		"3,616"	"3,485"	"3,259"	"3,672"	"3,666"	"3,771"	"3,630"	"3,876"	"3,552"	"3,629"	"3,573"	"3,411"	"3,870"	"3,317"	"2,913"	"3,582"	"3,465"	"3,501"	"3,828"	"3,727"	"3,581"	"3,595"	"3,574"	"3,566"	"3,809"	"3,408"	"3,354"	"3,666"	"3,535"	"3,517"	"3,966"	"3,664"	"3,891"	"3,627"	"3,681"	"3,788"	"3,799"		39719.59679			
3	Bronx	BX4	3	"69,723"	"65,265"	"57,413"	"65,140"	"69,484"	"74,024"	"69,755"	"71,321"	"65,524"	"68,426"	"69,025"	"65,397"	"72,030"	"62,077"	"54,185"	"65,484"	"66,173"	"68,874"	"73,028"	"68,022"	"64,518"	"67,448"	"67,699"	"66,784"	"70,006"	"60,513"	"60,372"	"66,369"	"65,147"	"67,564"	"72,417"	"65,680"	"68,759"	"66,440"	"66,835"	"68,804"	"68,361"		"4,219"	"4,045"	"3,751"	"4,236"	"4,220"	"4,375"	"4,179"	"4,486"	"4,118"	"4,150"	"4,128"	"3,933"	"4,465"	"3,844"	"3,406"	"4,076"	"3,888"	"3,942"	"4,293"	"4,208"	"4,005"	"4,016"	"3,991"	"3,996"	"4,267"	"3,682"	"3,895"	"4,118"	"3,881"	"4,037"	"4,224"	"4,120"	"4,288"	"4,010"	"4,035"	"4,231"	"4,210"		44538.65595			
2	Bronx	"BX3,6"	3	"73,736"	"69,110"	"60,954"	"69,147"	"73,568"	"78,158"	"73,707"	"75,597"	"69,417"	"72,366"	"72,977"	"69,069"	"76,308"	"65,728"	"57,405"	"69,464"	"69,958"	"72,709"	"77,200"	"72,086"	"68,446"	"71,391"	"71,525"	"70,669"	"74,162"	"64,220"	"64,127"	"70,438"	"68,895"	"71,378"	"76,694"	"69,657"	"73,011"	"70,391"	"70,834"	"73,001"	"72,508"		"4,013"	"3,845"	"3,541"	"4,007"	"4,084"	"4,134"	"3,952"	"4,276"	"3,893"	"3,940"	"3,952"	"3,672"	"4,278"	"3,651"	"3,220"	"3,980"	"3,785"	"3,835"	"4,172"	"4,064"	"3,928"	"3,943"	"3,826"	"3,885"	"4,156"	"3,707"	"3,755"	"4,069"	"3,748"	"3,814"	"4,277"	"3,977"	"4,252"	"3,951"	"3,999"	"4,197"	"4,147"		48394.23667			
8	Bronx	BX9	3	"76,151"	"71,328"	"62,882"	"71,420"	"76,188"	"80,990"	"76,325"	"78,363"	"71,863"	"74,860"	"75,435"	"71,448"	"78,910"	"67,857"	"59,169"	"71,709"	"72,468"	"75,351"	"79,919"	"74,729"	"70,894"	"73,892"	"74,028"	"73,153"	"76,770"	"66,408"	"66,247"	"72,902"	"71,359"	"74,048"	"79,484"	"72,229"	"75,623"	"72,875"	"73,338"	"75,657"	"75,046"		"2,415"	"2,218"	"1,928"	"2,273"	"2,620"	"2,832"	"2,618"	"2,766"	"2,446"	"2,494"	"2,458"	"2,379"	"2,602"	"2,129"	"1,764"	"2,245"	"2,510"	"2,642"	"2,719"	"2,643"	"2,448"	"2,501"	"2,503"	"2,484"	"2,608"	"2,188"	"2,120"	"2,464"	"2,464"	"2,670"	"2,790"	"2,572"	"2,612"	"2,484"	"2,504"	"2,656"	"2,538"		51752.61651			
9	Bronx	BX10	3	"79,070"	"74,020"	"65,238"	"74,205"	"79,211"	"84,289"	"79,445"	"81,674"	"74,846"	"77,892"	"78,498"	"74,338"	"82,092"	"70,589"	"61,404"	"74,515"	"75,497"	"78,478"	"83,204"	"78,001"	"73,929"	"76,944"	"77,113"	"76,250"	"79,992"	"69,057"	"68,869"	"75,891"	"74,289"	"77,182"	"82,891"	"75,373"	"78,813"	"76,025"	"76,395"	"78,730"	"78,106"		"2,919"	"2,692"	"2,356"	"2,785"	"3,023"	"3,299"	"3,120"	"3,311"	"2,983"	"3,032"	"3,063"	"2,890"	"3,182"	"2,732"	"2,235"	"2,806"	"3,029"	"3,127"	"3,285"	"3,272"	"3,035"	"3,052"	"3,085"	"3,097"	"3,222"	"2,649"	"2,622"	"2,989"	"2,930"	"3,134"	"3,407"	"3,144"	"3,190"	"3,150"	"3,057"	"3,073"	"3,060"		62076.81081			
7	Bronx	BX8	3	"83,113"	"77,564"	"68,300"	"77,914"	"83,073"	"88,421"	"83,308"	"85,811"	"78,633"	"81,602"	"82,314"	"77,968"	"86,203"	"74,054"	"64,390"	"78,193"	"79,302"	"82,409"	"87,307"	"82,016"	"77,708"	"80,707"	"80,817"	"79,974"	"83,954"	"72,451"	"72,262"	"79,672"	"77,977"	"80,983"	"87,104"	"79,319"	"82,857"	"79,785"	"80,164"	"82,616"	"82,033"		"4,043"	"3,544"	"3,062"	"3,709"	"3,862"	"4,132"	"3,863"	"4,137"	"3,787"	"3,710"	"3,816"	"3,630"	"4,111"	"3,465"	"2,986"	"3,678"	"3,805"	"3,931"	"4,103"	"4,015"	"3,779"	"3,763"	"3,704"	"3,724"	"3,962"	"3,394"	"3,393"	"3,781"	"3,688"	"3,801"	"4,213"	"3,946"	"4,044"	"3,760"	"3,769"	"3,886"	"3,927"		71344.42513			
10	Bronx	BX11	3	"86,803"	"80,911"	"71,157"	"81,494"	"86,978"	"92,693"	"87,297"	"90,162"	"82,535"	"85,437"	"86,049"	"81,468"	"90,248"	"77,264"	"67,027"	"81,749"	"83,023"	"86,362"	"91,533"	"86,226"	"81,565"	"84,524"	"84,505"	"83,763"	"87,918"	"75,689"	"75,529"	"83,341"	"81,612"	"84,932"	"91,384"	"83,387"	"87,081"	"83,588"	"83,866"	"86,463"	"85,860"		"3,690"	"3,347"	"2,857"	"3,580"	"3,905"	"4,272"	"3,989"	"4,351"	"3,902"	"3,835"	"3,735"	"3,500"	"4,045"	"3,210"	"2,637"	"3,556"	"3,721"	"3,953"	"4,226"	"4,210"	"3,857"	"3,817"	"3,688"	"3,789"	"3,964"	"3,238"	"3,267"	"3,669"	"3,635"	"3,949"	"4,280"	"4,068"	"4,224"	"3,803"	"3,702"	"3,847"	"3,827"		140009.5164			
12	Brooklyn	B2	4	"89,211"	"83,243"	"73,188"	"83,846"	"89,492"	"95,320"	"89,741"	"92,599"	"84,825"	"87,910"	"88,591"	"83,815"	"92,746"	"79,427"	"69,088"	"84,104"	"85,441"	"88,850"	"94,152"	"88,617"	"83,893"	"86,977"	"87,042"	"86,181"	"90,427"	"77,854"	"77,737"	"85,727"	"84,004"	"87,322"	"94,007"	"85,687"	"89,481"	"85,991"	"86,254"	"88,892"	"88,290"		"2,408"	"2,332"	"2,031"	"2,352"	"2,514"	"2,627"	"2,444"	"2,437"	"2,290"	"2,473"	"2,542"	"2,347"	"2,498"	"2,163"	"2,061"	"2,355"	"2,418"	"2,488"	"2,619"	"2,391"	"2,328"	"2,453"	"2,537"	"2,418"	"2,509"	"2,165"	"2,208"	"2,386"	"2,392"	"2,390"	"2,623"	"2,300"	"2,400"	"2,403"	"2,388"	"2,429"	"2,430"		18420.27757			
26	Brooklyn	B16	4	"91,051"	"85,027"	"74,852"	"85,695"	"91,423"	"97,357"	"91,713"	"94,750"	"86,836"	"89,881"	"90,551"	"85,654"	"94,793"	"81,087"	"70,624"	"85,994"	"87,335"	"90,817"	"96,348"	"90,745"	"85,904"	"88,950"	"88,990"	"88,094"	"92,529"	"79,605"	"79,476"	"87,738"	"85,912"	"89,260"	"96,262"	"87,770"	"91,675"	"87,997"	"88,224"	"90,919"	"90,325"		"1,840"	"1,784"	"1,664"	"1,849"	"1,931"	"2,037"	"1,972"	"2,151"	"2,011"	"1,971"	"1,960"	"1,839"	"2,047"	"1,660"	"1,536"	"1,890"	"1,894"	"1,967"	"2,196"	"2,128"	"2,011"	"1,973"	"1,948"	"1,913"	"2,102"	"1,751"	"1,739"	"2,011"	"1,908"	"1,938"	"2,255"	"2,083"	"2,194"	"2,006"	"1,970"	"2,027"	"2,035"		23420.36669			
23	Brooklyn	B13	4	"93,242"	"87,016"	"76,629"	"87,720"	"93,585"	"99,667"	"93,921"	"97,095"	"89,041"	"92,079"	"92,730"	"87,613"	"96,952"	"82,974"	"72,357"	"88,073"	"89,423"	"92,975"	"98,719"	"93,054"	"88,025"	"91,095"	"91,062"	"90,073"	"94,612"	"81,451"	"81,272"	"89,763"	"87,898"	"91,316"	"98,547"	"89,905"	"93,933"	"89,988"	"90,259"	"92,937"	"92,293"		"2,191"	"1,989"	"1,777"	"2,025"	"2,162"	"2,310"	"2,208"	"2,345"	"2,205"	"2,198"	"2,179"	"1,959"	"2,159"	"1,887"	"1,733"	"2,079"	"2,088"	"2,158"	"2,371"	"2,309"	"2,121"	"2,145"	"2,072"	"1,979"	"2,083"	"1,846"	"1,796"	"2,025"	"1,986"	"2,056"	"2,285"	"2,135"	"2,258"	"1,991"	"2,035"	"2,018"	"1,968"		24030.72169			
16	Brooklyn	B6	4	"95,552"	"89,257"	"78,517"	"89,846"	"95,950"	"102,116"	"96,148"	"99,390"	"91,099"	"94,272"	"95,033"	"89,750"	"99,313"	"85,063"	"74,131"	"90,185"	"91,633"	"95,251"	"101,179"	"95,273"	"90,111"	"93,308"	"93,191"	"92,089"	"96,704"	"83,358"	"83,187"	"91,786"	"89,853"	"93,370"	"100,696"	"91,837"	"95,931"	"91,979"	"92,267"	"95,023"	"94,362"		"2,310"	"2,241"	"1,888"	"2,126"	"2,365"	"2,449"	"2,227"	"2,295"	"2,058"	"2,193"	"2,303"	"2,137"	"2,361"	"2,089"	"1,774"	"2,112"	"2,210"	"2,276"	"2,460"	"2,219"	"2,086"	"2,213"	"2,129"	"2,016"	"2,092"	"1,907"	"1,915"	"2,023"	"1,955"	"2,054"	"2,149"	"1,932"	"1,998"	"1,991"	"2,008"	"2,086"	"2,069"		25037.11322			
18	Brooklyn	B8	4	"98,204"	"91,726"	"80,723"	"92,439"	"98,646"	"104,937"	"98,940"	"102,242"	"93,792"	"96,992"	"97,773"	"92,287"	"102,178"	"87,424"	"76,258"	"92,879"	"94,190"	"97,943"	"104,196"	"98,090"	"92,818"	"96,002"	"95,827"	"94,708"	"99,442"	"85,696"	"85,602"	"94,360"	"92,332"	"95,897"	"103,595"	"94,464"	"98,720"	"94,590"	"94,861"	"97,613"	"96,993"		"2,652"	"2,469"	"2,206"	"2,593"	"2,696"	"2,821"	"2,792"	"2,852"	"2,693"	"2,720"	"2,740"	"2,537"	"2,865"	"2,361"	"2,127"	"2,694"	"2,557"	"2,692"	"3,017"	"2,817"	"2,707"	"2,694"	"2,636"	"2,619"	"2,738"	"2,338"	"2,415"	"2,574"	"2,479"	"2,527"	"2,899"	"2,627"	"2,789"	"2,611"	"2,594"	"2,590"	"2,631"		33135.97078			
17	Brooklyn	B7	4	"101,545"	"94,892"	"83,459"	"95,504"	"102,035"	"108,457"	"102,289"	"105,800"	"97,072"	"100,271"	"101,132"	"95,369"	"105,603"	"90,438"	"78,938"	"96,019"	"97,479"	"101,365"	"107,817"	"101,558"	"96,096"	"99,373"	"99,162"	"97,890"	"102,858"	"88,677"	"88,617"	"97,672"	"95,563"	"99,273"	"107,172"	"97,868"	"102,203"	"97,795"	"98,195"	"100,970"	"100,298"		"3,341"	"3,166"	"2,736"	"3,065"	"3,389"	"3,520"	"3,349"	"3,558"	"3,280"	"3,279"	"3,359"	"3,082"	"3,425"	"3,014"	"2,680"	"3,140"	"3,289"	"3,422"	"3,621"	"3,468"	"3,278"	"3,371"	"3,335"	"3,182"	"3,416"	"2,981"	"3,015"	"3,312"	"3,231"	"3,376"	"3,577"	"3,404"	"3,483"	"3,205"	"3,334"	"3,357"	"3,305"		42450.29511			
19	Brooklyn	B9	4	"104,680"	"97,764"	"85,959"	"98,462"	"105,158"	"111,717"	"105,444"	"109,026"	"100,097"	"103,418"	"104,346"	"98,261"	"108,855"	"93,136"	"81,295"	"99,185"	"100,412"	"104,380"	"111,138"	"104,674"	"99,055"	"102,529"	"102,318"	"100,834"	"105,989"	"91,402"	"91,332"	"100,600"	"98,405"	"102,166"	"110,394"	"100,826"	"105,268"	"100,826"	"101,225"	"104,009"	"103,371"		"3,135"	"2,872"	"2,500"	"2,958"	"3,123"	"3,260"	"3,155"	"3,226"	"3,025"	"3,147"	"3,214"	"2,892"	"3,252"	"2,698"	"2,357"	"3,166"	"2,933"	"3,015"	"3,321"	"3,116"	"2,959"	"3,156"	"3,156"	"2,944"	"3,131"	"2,725"	"2,715"	"2,928"	"2,842"	"2,893"	"3,222"	"2,958"	"3,065"	"3,031"	"3,030"	"3,039"	"3,073"		42498.5756			
20	Brooklyn	B10	4	"108,065"	"100,895"	"88,627"	"101,465"	"108,485"	"115,194"	"108,826"	"112,532"	"103,268"	"106,743"	"107,678"	"101,340"	"112,403"	"96,095"	"83,950"	"102,332"	"103,656"	"107,727"	"114,763"	"108,031"	"102,172"	"105,759"	"105,596"	"104,016"	"109,400"	"94,316"	"94,263"	"103,790"	"101,468"	"105,434"	"113,924"	"104,065"	"108,571"	"103,975"	"104,271"	"107,159"	"106,576"		"3,385"	"3,131"	"2,668"	"3,003"	"3,327"	"3,477"	"3,382"	"3,506"	"3,171"	"3,325"	"3,332"	"3,079"	"3,548"	"2,959"	"2,655"	"3,147"	"3,244"	"3,347"	"3,625"	"3,357"	"3,117"	"3,230"	"3,278"	"3,182"	"3,411"	"2,914"	"2,931"	"3,190"	"3,063"	"3,268"	"3,530"	"3,239"	"3,303"	"3,149"	"3,046"	"3,150"	"3,205"		46404.69394			
14	Brooklyn	B4	4	"111,221"	"103,788"	"91,255"	"104,440"	"111,648"	"118,601"	"112,041"	"115,962"	"106,425"	"109,901"	"110,728"	"104,176"	"115,526"	"98,782"	"86,421"	"105,270"	"106,535"	"110,784"	"118,151"	"111,251"	"105,259"	"108,819"	"108,610"	"106,892"	"112,466"	"96,941"	"96,922"	"106,695"	"104,291"	"108,445"	"117,109"	"107,159"	"111,807"	"106,981"	"107,259"	"110,157"	"109,517"		"3,156"	"2,893"	"2,628"	"2,975"	"3,163"	"3,407"	"3,215"	"3,430"	"3,157"	"3,158"	"3,050"	"2,836"	"3,123"	"2,687"	"2,471"	"2,938"	"2,879"	"3,057"	"3,388"	"3,220"	"3,087"	"3,060"	"3,014"	"2,876"	"3,066"	"2,625"	"2,659"	"2,905"	"2,823"	"3,011"	"3,185"	"3,094"	"3,236"	"3,006"	"2,988"	"2,998"	"2,941"		46411.6187			
13	Brooklyn	B3	4	"115,254"	"107,487"	"94,565"	"108,355"	"115,725"	"122,963"	"116,214"	"120,196"	"110,373"	"113,967"	"114,735"	"107,837"	"119,680"	"102,267"	"89,591"	"109,188"	"110,408"	"114,834"	"122,560"	"115,356"	"109,184"	"112,884"	"112,544"	"110,788"	"116,490"	"100,449"	"100,515"	"110,589"	"108,119"	"112,545"	"121,397"	"111,114"	"115,989"	"110,962"	"111,186"	"114,154"	"113,507"		"4,033"	"3,699"	"3,310"	"3,915"	"4,077"	"4,362"	"4,173"	"4,234"	"3,948"	"4,066"	"4,007"	"3,661"	"4,154"	"3,485"	"3,170"	"3,918"	"3,873"	"4,050"	"4,409"	"4,105"	"3,925"	"4,065"	"3,934"	"3,896"	"4,024"	"3,508"	"3,593"	"3,894"	"3,828"	"4,100"	"4,288"	"3,955"	"4,182"	"3,981"	"3,927"	"3,997"	"3,990"		69451.18042			
24	Brooklyn	B14	4	"120,120"	"112,017"	"98,560"	"113,073"	"120,588"	"128,079"	"121,154"	"125,271"	"115,066"	"118,987"	"119,726"	"112,521"	"124,921"	"106,601"	"93,536"	"114,065"	"115,084"	"119,675"	"127,884"	"120,192"	"113,792"	"117,882"	"117,465"	"115,679"	"121,598"	"104,782"	"104,712"	"115,407"	"112,765"	"117,371"	"126,588"	"115,758"	"120,867"	"115,740"	"116,008"	"119,007"	"118,514"		"4,866"	"4,530"	"3,995"	"4,718"	"4,863"	"5,116"	"4,940"	"5,075"	"4,693"	"5,020"	"4,991"	"4,684"	"5,241"	"4,334"	"3,945"	"4,877"	"4,676"	"4,841"	"5,324"	"4,836"	"4,608"	"4,998"	"4,921"	"4,891"	"5,108"	"4,333"	"4,197"	"4,818"	"4,646"	"4,826"	"5,191"	"4,644"	"4,878"	"4,778"	"4,822"	"4,853"	"5,007"		94739.45654			
25	Brooklyn	B15	4	"124,790"	"116,156"	"102,143"	"117,262"	"125,203"	"132,950"	"125,719"	"129,806"	"119,284"	"123,558"	"124,390"	"116,846"	"129,545"	"110,462"	"97,131"	"118,451"	"119,495"	"124,326"	"132,682"	"124,648"	"117,957"	"122,588"	"122,156"	"120,176"	"126,160"	"108,723"	"108,649"	"119,905"	"117,251"	"121,884"	"131,493"	"120,024"	"125,261"	"120,327"	"120,747"	"123,620"	"123,006"		"4,670"	"4,139"	"3,583"	"4,189"	"4,615"	"4,871"	"4,565"	"4,535"	"4,218"	"4,571"	"4,664"	"4,325"	"4,624"	"3,861"	"3,595"	"4,386"	"4,411"	"4,651"	"4,798"	"4,456"	"4,165"	"4,706"	"4,691"	"4,497"	"4,562"	"3,941"	"3,937"	"4,498"	"4,486"	"4,513"	"4,905"	"4,266"	"4,394"	"4,587"	"4,739"	"4,613"	"4,492"		99884.89262			
21	Brooklyn	B11	4	"129,660"	"120,717"	"106,020"	"121,658"	"130,082"	"138,090"	"130,656"	"135,071"	"124,140"	"128,553"	"129,391"	"121,504"	"134,675"	"114,834"	"101,113"	"123,097"	"124,322"	"129,374"	"138,167"	"129,816"	"122,767"	"127,652"	"127,177"	"125,020"	"131,272"	"113,216"	"113,004"	"124,741"	"121,984"	"126,904"	"136,951"	"125,066"	"130,447"	"125,220"	"125,644"	"128,604"	"127,934"		"4,870"	"4,561"	"3,877"	"4,396"	"4,879"	"5,140"	"4,937"	"5,265"	"4,856"	"4,995"	"5,001"	"4,658"	"5,130"	"4,372"	"3,982"	"4,646"	"4,827"	"5,048"	"5,485"	"5,168"	"4,810"	"5,064"	"5,021"	"4,844"	"5,112"	"4,493"	"4,355"	"4,836"	"4,733"	"5,020"	"5,458"	"5,042"	"5,186"	"4,893"	"4,897"	"4,984"	"4,928"		117123.8028			
11	Brooklyn	B1	4	"134,725"	"125,444"	"110,321"	"126,781"	"135,402"	"143,469"	"135,642"	"139,555"	"128,400"	"133,730"	"134,545"	"126,330"	"139,862"	"119,532"	"105,389"	"128,599"	"129,454"	"134,473"	"143,625"	"134,134"	"127,101"	"132,855"	"132,551"	"129,935"	"136,661"	"118,030"	"117,779"	"130,253"	"127,224"	"132,085"	"142,503"	"129,418"	"134,939"	"130,375"	"130,860"	"133,854"	"133,343"		"5,065"	"4,727"	"4,301"	"5,123"	"5,320"	"5,379"	"4,986"	"4,484"	"4,260"	"5,177"	"5,154"	"4,826"	"5,187"	"4,698"	"4,276"	"5,502"	"5,132"	"5,099"	"5,458"	"4,318"	"4,334"	"5,203"	"5,374"	"4,915"	"5,389"	"4,814"	"4,775"	"5,512"	"5,240"	"5,181"	"5,552"	"4,352"	"4,492"	"5,155"	"5,216"	"5,250"	"5,409"		157643.5223			
15	Brooklyn	B5	4	"138,973"	"129,454"	"113,811"	"130,936"	"139,881"	"148,331"	"140,192"	"144,571"	"132,863"	"138,104"	"138,908"	"130,229"	"144,522"	"123,116"	"108,788"	"132,888"	"133,813"	"138,900"	"148,612"	"139,062"	"131,644"	"137,487"	"136,987"	"134,222"	"141,338"	"121,810"	"121,745"	"134,721"	"131,579"	"136,695"	"147,494"	"134,283"	"139,856"	"134,886"	"135,199"	"138,341"	"137,778"		"4,248"	"4,010"	"3,490"	"4,155"	"4,479"	"4,862"	"4,550"	"5,016"	"4,463"	"4,374"	"4,363"	"3,899"	"4,660"	"3,584"	"3,399"	"4,289"	"4,359"	"4,427"	"4,987"	"4,928"	"4,543"	"4,632"	"4,436"	"4,287"	"4,677"	"3,780"	"3,966"	"4,468"	"4,355"	"4,610"	"4,991"	"4,865"	"4,917"	"4,511"	"4,339"	"4,487"	"4,435"		161126.5829			
27	Brooklyn	B17	4	"143,191"	"133,256"	"117,126"	"134,871"	"144,162"	"152,973"	"144,782"	"149,478"	"137,337"	"142,490"	"143,120"	"134,310"	"149,197"	"126,785"	"112,053"	"137,073"	"138,004"	"143,326"	"153,503"	"143,829"	"136,158"	"141,930"	"141,235"	"138,465"	"145,910"	"125,423"	"125,454"	"138,908"	"135,672"	"141,059"	"152,396"	"138,994"	"144,672"	"139,245"	"139,418"	"142,620"	"142,208"		"4,218"	"3,802"	"3,315"	"3,935"	"4,281"	"4,642"	"4,590"	"4,907"	"4,474"	"4,386"	"4,212"	"4,081"	"4,675"	"3,669"	"3,265"	"4,185"	"4,191"	"4,426"	"4,891"	"4,767"	"4,514"	"4,443"	"4,248"	"4,243"	"4,572"	"3,613"	"3,709"	"4,187"	"4,093"	"4,364"	"4,902"	"4,711"	"4,816"	"4,359"	"4,219"	"4,279"	"4,430"		164473.4682			
22	Brooklyn	B12	4	"149,369"	"138,975"	"122,268"	"141,074"	"150,569"	"159,398"	"150,885"	"154,804"	"142,225"	"148,793"	"149,649"	"140,210"	"155,633"	"132,394"	"117,384"	"143,797"	"144,151"	"149,507"	"160,104"	"149,075"	"141,233"	"148,523"	"147,707"	"144,582"	"152,405"	"131,176"	"131,082"	"145,478"	"142,261"	"147,426"	"159,031"	"144,169"	"149,889"	"145,352"	"145,902"	"148,939"	"148,560"		"6,178"	"5,719"	"5,142"	"6,203"	"6,407"	"6,425"	"6,103"	"5,326"	"4,888"	"6,303"	"6,529"	"5,900"	"6,436"	"5,609"	"5,331"	"6,724"	"6,147"	"6,181"	"6,601"	"5,246"	"5,075"	"6,593"	"6,472"	"6,117"	"6,495"	"5,753"	"5,628"	"6,570"	"6,589"	"6,367"	"6,635"	"5,175"	"5,217"	"6,107"	"6,484"	"6,319"	"6,352"		281897.046			
28	Brooklyn	B18	4	"154,686"	"143,544"	"126,141"	"145,906"	"155,957"	"165,442"	"156,665"	"160,982"	"147,813"	"154,322"	"155,123"	"145,397"	"161,320"	"136,858"	"121,124"	"148,768"	"149,527"	"155,276"	"166,191"	"155,060"	"146,764"	"154,145"	"153,042"	"150,036"	"157,970"	"135,622"	"135,445"	"150,663"	"147,482"	"153,067"	"165,246"	"150,029"	"155,855"	"150,872"	"151,293"	"154,421"	"154,023"		"5,317"	"4,569"	"3,873"	"4,832"	"5,388"	"6,044"	"5,780"	"6,178"	"5,588"	"5,529"	"5,474"	"5,187"	"5,687"	"4,464"	"3,740"	"4,971"	"5,376"	"5,769"	"6,087"	"5,985"	"5,531"	"5,622"	"5,335"	"5,454"	"5,565"	"4,446"	"4,363"	"5,185"	"5,221"	"5,641"	"6,215"	"5,860"	"5,966"	"5,520"	"5,391"	"5,482"	"5,463"		346863.2432			
44	Queens	Q6	5	"157,570"	"146,161"	"128,370"	"148,477"	"158,838"	"168,471"	"159,539"	"164,047"	"150,627"	"157,171"	"157,976"	"148,103"	"164,213"	"139,368"	"123,266"	"151,386"	"152,276"	"158,087"	"169,211"	"158,005"	"149,533"	"157,028"	"155,869"	"152,861"	"160,865"	"138,108"	"137,865"	"153,401"	"150,200"	"155,901"	"168,219"	"152,852"	"158,840"	"153,699"	"154,118"	"157,224"	"156,837"		"2,884"	"2,617"	"2,229"	"2,571"	"2,881"	"3,029"	"2,874"	"3,065"	"2,814"	"2,849"	"2,853"	"2,706"	"2,893"	"2,510"	"2,142"	"2,618"	"2,749"	"2,811"	"3,020"	"2,945"	"2,769"	"2,883"	"2,827"	"2,825"	"2,895"	"2,486"	"2,420"	"2,738"	"2,718"	"2,834"	"2,973"	"2,823"	"2,985"	"2,827"	"2,825"	"2,803"	"2,814"		40695.70051			
40	Queens	Q2	5	"160,426"	"148,826"	"130,634"	"151,199"	"161,732"	"171,548"	"162,452"	"167,183"	"153,450"	"160,021"	"160,872"	"150,754"	"167,220"	"142,011"	"125,518"	"154,129"	"155,114"	"161,006"	"172,364"	"161,030"	"152,412"	"159,990"	"158,826"	"155,650"	"163,894"	"140,676"	"140,478"	"156,314"	"153,008"	"158,843"	"171,372"	"155,784"	"161,933"	"156,639"	"157,059"	"160,165"	"159,747"		"2,856"	"2,665"	"2,264"	"2,722"	"2,894"	"3,077"	"2,913"	"3,136"	"2,823"	"2,850"	"2,896"	"2,651"	"3,007"	"2,643"	"2,252"	"2,743"	"2,838"	"2,919"	"3,153"	"3,025"	"2,879"	"2,962"	"2,957"	"2,789"	"3,029"	"2,568"	"2,613"	"2,913"	"2,808"	"2,942"	"3,153"	"2,932"	"3,093"	"2,940"	"2,941"	"2,941"	"2,910"		41467.24617			
39	Queens	Q1	5	"164,576"	"152,695"	"133,910"	"155,116"	"165,979"	"176,021"	"166,703"	"171,669"	"157,508"	"164,147"	"165,092"	"154,650"	"171,591"	"145,691"	"128,621"	"158,074"	"159,180"	"165,128"	"176,820"	"165,282"	"156,424"	"164,059"	"162,914"	"159,630"	"168,027"	"144,226"	"144,139"	"160,248"	"156,844"	"162,804"	"175,611"	"159,704"	"166,046"	"160,555"	"161,027"	"164,136"	"163,653"		"4,150"	"3,869"	"3,276"	"3,917"	"4,247"	"4,473"	"4,251"	"4,486"	"4,058"	"4,126"	"4,220"	"3,896"	"4,371"	"3,680"	"3,103"	"3,945"	"4,066"	"4,122"	"4,456"	"4,252"	"4,012"	"4,069"	"4,088"	"3,980"	"4,133"	"3,550"	"3,661"	"3,934"	"3,836"	"3,961"	"4,239"	"3,920"	"4,113"	"3,916"	"3,968"	"3,971"	"3,906"		82300.83711			
42	Queens	Q4	5	"168,815"	"156,688"	"137,310"	"159,019"	"170,195"	"180,516"	"171,046"	"176,357"	"161,795"	"168,393"	"169,359"	"158,511"	"176,024"	"149,584"	"131,953"	"162,093"	"163,333"	"169,363"	"181,405"	"169,765"	"160,715"	"168,331"	"167,112"	"163,675"	"172,428"	"147,963"	"147,962"	"164,373"	"160,843"	"167,043"	"180,087"	"163,869"	"170,345"	"164,572"	"164,921"	"168,099"	"167,624"		"4,239"	"3,993"	"3,400"	"3,903"	"4,216"	"4,495"	"4,343"	"4,688"	"4,287"	"4,246"	"4,267"	"3,861"	"4,433"	"3,893"	"3,332"	"4,019"	"4,153"	"4,235"	"4,585"	"4,483"	"4,291"	"4,272"	"4,198"	"4,045"	"4,401"	"3,737"	"3,823"	"4,125"	"3,999"	"4,239"	"4,476"	"4,165"	"4,299"	"4,017"	"3,894"	"3,963"	"3,971"		82740.5084			
46	Queens	Q8	5	"172,519"	"159,926"	"140,047"	"162,281"	"173,938"	"184,567"	"174,849"	"180,442"	"165,515"	"172,211"	"173,111"	"162,069"	"179,939"	"152,721"	"134,647"	"165,518"	"166,857"	"173,156"	"185,517"	"173,733"	"164,372"	"172,142"	"170,811"	"167,477"	"176,220"	"151,061"	"151,062"	"167,891"	"164,397"	"170,802"	"184,174"	"167,700"	"174,292"	"168,339"	"168,534"	"171,750"	"171,166"		"3,704"	"3,238"	"2,737"	"3,262"	"3,743"	"4,051"	"3,803"	"4,085"	"3,720"	"3,818"	"3,752"	"3,558"	"3,915"	"3,137"	"2,694"	"3,425"	"3,524"	"3,793"	"4,112"	"3,968"	"3,657"	"3,811"	"3,699"	"3,802"	"3,792"	"3,098"	"3,100"	"3,518"	"3,554"	"3,759"	"4,087"	"3,831"	"3,947"	"3,767"	"3,613"	"3,651"	"3,542"		115652.7845			
52	Queens	Q14	5	"175,774"	"162,642"	"142,370"	"165,167"	"177,146"	"188,106"	"178,322"	"184,160"	"168,914"	"175,525"	"176,334"	"164,851"	"183,135"	"155,412"	"136,861"	"168,474"	"170,056"	"176,500"	"189,094"	"177,412"	"167,739"	"175,360"	"173,862"	"170,400"	"179,316"	"153,583"	"153,501"	"170,832"	"167,421"	"174,020"	"187,600"	"171,126"	"177,770"	"171,527"	"171,398"	"174,583"	"174,050"		"3,255"	"2,716"	"2,323"	"2,886"	"3,208"	"3,539"	"3,473"	"3,718"	"3,399"	"3,314"	"3,223"	"2,782"	"3,196"	"2,691"	"2,214"	"2,956"	"3,199"	"3,344"	"3,577"	"3,679"	"3,367"	"3,218"	"3,051"	"2,923"	"3,096"	"2,522"	"2,439"	"2,941"	"3,024"	"3,218"	"3,426"	"3,426"	"3,478"	"3,188"	"2,864"	"2,833"	"2,884"		131991.0533			
49	Queens	Q11	5	"178,887"	"165,134"	"144,462"	"167,742"	"180,280"	"191,637"	"181,567"	"187,452"	"171,930"	"178,579"	"179,465"	"168,001"	"186,447"	"157,844"	"138,879"	"171,067"	"173,102"	"179,823"	"192,533"	"180,653"	"170,770"	"178,478"	"176,954"	"173,837"	"182,444"	"155,983"	"155,887"	"173,674"	"170,281"	"177,204"	"190,961"	"174,232"	"180,990"	"174,598"	"174,451"	"177,603"	"176,607"		"3,113"	"2,492"	"2,092"	"2,575"	"3,134"	"3,531"	"3,245"	"3,292"	"3,016"	"3,054"	"3,131"	"3,150"	"3,312"	"2,432"	"2,018"	"2,593"	"3,046"	"3,323"	"3,439"	"3,241"	"3,031"	"3,118"	"3,092"	"3,437"	"3,128"	"2,400"	"2,386"	"2,842"	"2,860"	"3,184"	"3,361"	"3,106"	"3,220"	"3,071"	"3,053"	"3,020"	"2,557"		137556.4105			
43	Queens	Q5	5	"183,829"	"169,542"	"148,152"	"172,191"	"185,369"	"197,103"	"186,513"	"192,504"	"176,649"	"183,364"	"184,407"	"172,542"	"191,528"	"162,075"	"142,418"	"175,518"	"178,024"	"184,964"	"197,773"	"185,583"	"175,343"	"183,220"	"181,791"	"178,485"	"187,380"	"160,145"	"159,963"	"178,356"	"174,848"	"182,034"	"195,986"	"178,972"	"185,908"	"179,298"	"179,107"	"182,306"	"181,107"		"4,942"	"4,408"	"3,690"	"4,449"	"5,089"	"5,466"	"4,946"	"5,052"	"4,719"	"4,785"	"4,942"	"4,541"	"5,081"	"4,231"	"3,539"	"4,451"	"4,922"	"5,141"	"5,240"	"4,930"	"4,573"	"4,742"	"4,837"	"4,648"	"4,936"	"4,162"	"4,076"	"4,682"	"4,567"	"4,830"	"5,025"	"4,740"	"4,918"	"4,700"	"4,656"	"4,703"	"4,500"		151611.0694			
47	Queens	Q9	5	"187,861"	"173,034"	"151,163"	"175,825"	"189,474"	"201,647"	"190,796"	"197,051"	"180,703"	"187,404"	"188,526"	"176,327"	"195,754"	"165,480"	"145,328"	"179,198"	"182,072"	"189,200"	"202,360"	"190,019"	"179,466"	"187,288"	"185,769"	"182,460"	"191,499"	"163,452"	"163,311"	"182,246"	"178,695"	"186,238"	"200,512"	"183,209"	"190,237"	"183,319"	"183,136"	"186,368"	"185,054"		"4,032"	"3,492"	"3,011"	"3,634"	"4,105"	"4,544"	"4,283"	"4,547"	"4,054"	"4,040"	"4,119"	"3,785"	"4,226"	"3,405"	"2,910"	"3,680"	"4,048"	"4,236"	"4,587"	"4,436"	"4,123"	"4,068"	"3,978"	"3,975"	"4,119"	"3,307"	"3,348"	"3,890"	"3,847"	"4,204"	"4,526"	"4,237"	"4,329"	"4,021"	"4,029"	"4,062"	"3,947"		158354.5376			
41	Queens	Q3	5	"192,590"	"177,345"	"154,878"	"180,180"	"194,272"	"206,891"	"195,730"	"202,365"	"185,557"	"192,257"	"193,423"	"180,699"	"200,826"	"169,755"	"148,826"	"183,715"	"186,833"	"194,094"	"207,722"	"195,308"	"184,311"	"192,197"	"190,698"	"187,138"	"196,563"	"167,558"	"167,577"	"186,949"	"183,316"	"191,194"	"205,854"	"188,303"	"195,477"	"188,197"	"188,007"	"191,322"	"189,868"		"4,729"	"4,311"	"3,715"	"4,355"	"4,798"	"5,244"	"4,934"	"5,314"	"4,854"	"4,853"	"4,897"	"4,372"	"5,072"	"4,275"	"3,498"	"4,517"	"4,761"	"4,894"	"5,362"	"5,289"	"4,845"	"4,909"	"4,929"	"4,678"	"5,064"	"4,106"	"4,266"	"4,703"	"4,621"	"4,956"	"5,342"	"5,094"	"5,240"	"4,878"	"4,871"	"4,954"	"4,814"		175651.103			
48	Queens	Q10	5	"196,375"	"180,433"	"157,515"	"183,483"	"198,119"	"211,341"	"199,970"	"206,819"	"189,457"	"196,114"	"197,273"	"184,206"	"204,774"	"172,822"	"151,364"	"187,094"	"190,643"	"198,247"	"212,114"	"199,576"	"188,274"	"196,069"	"194,267"	"190,409"	"199,994"	"170,309"	"170,320"	"190,250"	"186,642"	"194,883"	"209,871"	"192,092"	"199,303"	"191,718"	"191,433"	"194,750"	"193,170"		"3,785"	"3,088"	"2,637"	"3,303"	"3,847"	"4,450"	"4,240"	"4,454"	"3,900"	"3,857"	"3,850"	"3,507"	"3,948"	"3,067"	"2,538"	"3,379"	"3,810"	"4,153"	"4,392"	"4,268"	"3,963"	"3,872"	"3,569"	"3,271"	"3,431"	"2,751"	"2,743"	"3,301"	"3,326"	"3,689"	"4,017"	"3,789"	"3,826"	"3,521"	"3,426"	"3,428"	"3,302"		239105.3294			
45	Queens	Q7	5	"202,996"	"186,168"	"162,366"	"189,272"	"204,708"	"218,588"	"206,841"	"214,073"	"196,086"	"202,780"	"203,956"	"190,500"	"211,622"	"178,445"	"156,197"	"192,950"	"197,096"	"205,113"	"219,312"	"206,682"	"194,972"	"202,798"	"200,875"	"197,034"	"206,716"	"175,811"	"175,809"	"196,550"	"192,882"	"201,534"	"217,115"	"198,836"	"206,401"	"198,346"	"197,995"	"201,282"	"199,550"		"6,621"	"5,735"	"4,851"	"5,789"	"6,589"	"7,247"	"6,871"	"7,254"	"6,629"	"6,666"	"6,683"	"6,294"	"6,848"	"5,623"	"4,833"	"5,856"	"6,453"	"6,866"	"7,198"	"7,106"	"6,698"	"6,729"	"6,608"	"6,625"	"6,722"	"5,502"	"5,489"	"6,300"	"6,240"	"6,651"	"7,244"	"6,744"	"7,098"	"6,628"	"6,562"	"6,532"	"6,380"		365753.534			
51	Queens	Q13	5	"208,185"	"190,308"	"165,806"	"193,699"	"210,214"	"224,985"	"212,838"	"220,421"	"201,799"	"208,218"	"209,338"	"195,540"	"217,202"	"182,410"	"159,574"	"197,443"	"202,406"	"211,047"	"225,533"	"212,812"	"200,625"	"208,319"	"205,982"	"202,476"	"212,068"	"179,767"	"179,764"	"201,331"	"197,835"	"207,328"	"223,300"	"204,602"	"212,411"	"203,768"	"203,159"	"206,704"	"204,608"		"5,189"	"4,140"	"3,440"	"4,427"	"5,506"	"6,397"	"5,997"	"6,348"	"5,713"	"5,438"	"5,382"	"5,040"	"5,580"	"3,965"	"3,377"	"4,493"	"5,310"	"5,934"	"6,221"	"6,130"	"5,653"	"5,521"	"5,107"	"5,442"	"5,352"	"3,956"	"3,955"	"4,781"	"4,953"	"5,794"	"6,185"	"5,766"	"6,010"	"5,422"	"5,164"	"5,422"	"5,058"		614684.2454			
50	Queens	Q12	5	"214,584"	"195,680"	"170,497"	"199,459"	"216,828"	"232,580"	"220,098"	"228,147"	"208,722"	"214,867"	"215,807"	"201,595"	"224,063"	"187,680"	"164,102"	"203,288"	"209,071"	"218,210"	"233,223"	"220,381"	"207,584"	"215,173"	"212,413"	"209,078"	"218,770"	"184,937"	"185,044"	"207,483"	"204,086"	"214,364"	"230,938"	"211,895"	"219,974"	"210,559"	"209,589"	"213,084"	"211,073"		"6,399"	"5,372"	"4,691"	"5,760"	"6,614"	"7,595"	"7,260"	"7,726"	"6,923"	"6,649"	"6,469"	"6,055"	"6,861"	"5,270"	"4,528"	"5,845"	"6,665"	"7,163"	"7,690"	"7,569"	"6,959"	"6,854"	"6,431"	"6,602"	"6,702"	"5,170"	"5,280"	"6,152"	"6,251"	"7,036"	"7,638"	"7,293"	"7,563"	"6,791"	"6,430"	"6,380"	"6,465"		677057.7516			
																																										"214,584"																																				"211,073"					
																																																																																			
																																																																																			
																																																																																			
																																																																																			
		Row Labels																																								13-Oct	14-Jan	14-Feb	14-Mar	14-Apr	14-May	14-Jun	14-Jul	14-Aug	14-Sep	14-Oct	14-Nov	14-Dec	15-Jan	15-Feb	15-Mar	15-Apr	15-May	15-Jun	15-Jul	15-Aug	15-Sep	15-Oct	15-Nov	15-Dec	16-Jan	16-Feb	16-Mar	16-Apr	16-May	16-Jun	16-Jul	16-Aug	16-Sep	16-Oct	16-Nov	16-Dec					
		Grand total																																								"214,588"	"195,681"	"170,491"	"199,459"	"216,828"	"232,580"	"220,100"	"228,148"	"208,722"	"214,869"	"215,804"	"201,594"	"224,063"	"187,675"	"164,101"	"203,289"	"209,068"	"218,206"	"233,226"	"220,381"	"207,588"	"215,170"	"212,414"	"209,076"	"218,767"	"184,939"	"185,045"	"207,483"	"204,084"	"214,362"	"230,935"	"211,895"	"219,975"	"210,557"	"209,587"	"213,083"	"211,070"					
